objectid,date,tests,positives,hospitalized,icu,deaths,newcases,age_9,age10_19,age40_49,age50_59,age60_69,age70_79,age80_plus,ageunknow,age20_29,genderfemale,gendermale,gendeunk,age30_39,globalid,newtests,rolling_perc_pos_cases,notes
59,2020-03-11 8:00:00,123,5,,,,1,,,,,,,,,,,,,,{78698F35-A6E9-48CB-8C8D-67A70EC15C1D},,,
60,2020-03-12 8:00:00,147,10,,,,5,,,,,,,,,,,,,,{EFA2B0DB-A692-4632-8495-14B46E240096},,,
61,2020-03-13 8:00:00,273,19,,,,9,,,,,,,,,,,,,,{AA7DF18A-6303-4758-A5F1-9B9CD4388A92},52,,
62,2020-03-14 8:00:00,288,25,12,,,6,,,,,,,,,,,,,,{9A014068-714D-4FD4-B011-A16A1A49C07C},14,,
63,2020-03-15 8:00:00,313,37,10,,,12,,,,,,,,,,,,,,{DA54D0B2-3C90-4FF2-8090-BE3BDB8C1B4E},25,,
64,2020-03-16 8:00:00,338,50,10,,,13,,,,,,,,,,,,,,{3A63E2BF-1BBE-4CF2-8356-56D72CB6318B},25,,
65,2020-03-17 8:00:00,382,59,11,,,9,,,,,,,,,,,,,,{E578E4BA-73AC-4FC7-B652-29114681EA02},77,,
66,2020-03-18 8:00:00,1049,70,13,,,11,,,,,,,,,,,,,,{51DEC5D1-CE94-4482-9980-EE4D2C424D96},143,,
67,2020-03-19 8:00:00,1369,100,27,,,30,,,,,,,,,,,,,,{7017D059-DDBF-46CB-856A-EF820A94A1FC},320,,
68,2020-03-20 8:00:00,1462,118,34,13,,18,,,,,,,,,,,,,,{7EFE3E05-B1AE-4C49-8639-F44A12C549E8},93,,
69,2020-03-21 8:00:00,2250,143,41,15,1,25,,,,,,,,,,,,,,{3E673173-4F9D-4895-948C-ECC65C569674},788,,
70,2020-03-22 8:00:00,3082,197,37,18,1,54,,,,,,,,,,,,,,{5C978C42-3F7B-4D45-ADAB-603B326D99C5},422,,
71,2020-03-23 8:00:00,3464,232,45,21,2,35,,,,,,,,,,,,,,{AB1303B3-9C1D-4D6D-AE1C-A5B87A1F8106},382,,
72,2020-03-24 8:00:00,3968,283,59,29,2,51,,,,,,,,,,,,,,{4AE7B2F9-9316-42AF-8084-0AA5FCECEB88},504,,
73,2020-03-25 8:00:00,5055,341,69,31,3,58,3,3,61,53,26,25,14,1,66,134,207,0,89,{FC4E66D2-6EF6-4C03-B359-024D3FEAD47A},1087,,
74,2020-03-26 8:00:00,6078,417,85,38,5,76,3,4,73,65,31,29,20,2,84,166,249,1,106,{AD18F325-72ED-4902-B908-5DFAA067CEDD},1023,8.21392533,
75,2020-03-27 8:00:00,6854,488,96,42,7,71,3,5,85,74,36,38,25,2,102,206,280,2,118,{B2D9C7AA-BA78-44CF-BD6E-F824F52E2080},776,8.25849621,
76,2020-03-28 8:00:00,8129,519,106,47,7,31,4,6,90,79,37,39,26,1,107,219,298,2,130,{7F51D1FE-3E7C-4458-8189-8F57F43724FF},1275,7.11815562,
77,2020-03-29 8:00:00,8816,603,118,51,7,84,4,6,105,91,52,45,29,2,121,256,345,2,148,{267024CD-7F59-4980-984E-C6DCCC9AF129},687,7.4454091,
78,2020-03-30 8:00:00,10354,734,136,56,9,131,5,7,130,116,74,49,34,1,144,317,414,3,174,{4129822F-D772-4621-B42A-72CC528DAD6D},1538,7.5041141,
79,2020-03-31 8:00:00,11343,849,158,65,11,115,6,8,154,125,93,62,41,3,163,380,461,8,194,{7048A6EE-9761-499C-97B5-85D9031E1D01},989,7.87872744,
80,2020-04-01 8:00:00,13950,966,181,70,16,117,8,9,170,149,108,71,45,3,187,439,514,13,216,{B8B23A97-01DD-46A7-9A30-A6969FED3A11},2606,7.17373899,
81,2020-04-02 8:00:00,15831,1112,211,85,17,146,10,12,192,177,136,88,55,6,198,519,585,8,238,{363254D3-A87F-46AD-874E-623969838593},1882,7.2018218,
82,2020-04-03 8:00:00,16856,1209,228,89,18,97,10,14,212,202,152,91,64,4,209,570,630,9,251,{3083F3D2-711C-42B3-AE8D-2BCDA9E47F73},1025,7.28109984,
83,2020-04-04 8:00:00,17663,1326,249,94,19,117,10,15,237,222,162,99,66,3,226,609,710,7,286,{D74A8EC5-6079-446E-8C3A-FC60E1309CBA},807,7.88508965,
84,2020-04-05 8:00:00,18490,1404,269,102,19,78,10,15,254,235,172,109,71,3,235,657,739,8,300,{436AD7C9-A0C1-46CE-8447-C44A7EEF6BC5},827,7.83359294,
85,2020-04-06 8:00:00,20336,1454,289,109,31,50,10,16,259,255,190,115,79,2,240,701,747,6,288,{FB8C8FA5-C189-46D0-A897-F61ABE58CD3E},1846,7.24276908,
86,2020-04-07 8:00:00,21178,1530,316,122,36,76,10,16,268,278,201,123,86,3,244,737,785,8,301,{DE31A3B2-0960-4FB1-9E82-3C89964268F5},842,7.24578733,
87,2020-03-07 8:00:00,,1,0,0,0,1,,,,,,,,,,,,,,{CE98E5A7-7D8E-4D20-BC84-069A17D43232},,,
88,2020-03-08 8:00:00,,2,0,0,0,1,,,,,,,,,,,,,,{8AC07123-E9DA-4D83-9720-7BF93E4B6C44},,,
89,2020-03-09 8:00:00,,2,0,0,0,0,,,,,,,,,,,,,,{52083240-452D-41A6-BD0F-2D424B2745BC},,,
90,2020-03-10 8:00:00,,4,0,0,0,2,,,,,,,,,,,,,,{9DF87361-2D53-4A06-8DF9-A986B660061D},,,
91,2020-04-08 8:00:00,22098,1628,348,132,40,98,10,20,283,293,224,131,90,2,255,790,832,6,320,{91DF75C6-1211-42E8-9509-1789C0C1A877},920,7.55148741,
92,2020-04-09 8:00:00,23353,1693,374,140,44,65,10,21,292,305,235,137,92,2,264,821,867,5,335,{87D87A1B-745F-411E-BCE4-DDB4409F6CFE},1255,7.38639653,
93,2020-04-10 8:00:00,24430,1761,396,144,45,68,10,22,304,318,245,143,104,2,270,853,902,6,343,{1188FC02-23EB-49D4-A836-2CC46D59EE77},1077,7.24283113,
94,2020-04-11 8:00:00,25234,1804,415,152,45,43,10,22,312,328,250,145,109,3,273,877,922,5,352,{BF0B7977-5CFA-4983-A049-174185C3EBF6},804,7.51242327,
95,2020-04-12 8:00:00,26132,1847,420,156,47,43,11,23,320,338,255,146,113,3,279,905,937,5,359,{8968D737-8C10-4C74-A06C-BE103216A9B1},898,7.18410718,
96,2020-04-13 8:00:00,27048,1930,450,164,53,83,12,24,339,352,265,155,121,3,292,954,971,5,367,{F51422F6-8B3B-4281-9A0C-932C3D23C783},919,7.16296341,
97,2020-04-14 8:00:00,27884,2012,488,173,60,82,12,32,350,367,275,160,124,3,308,989,1017,6,381,{8B04E729-AEFA-47E9-9986-5E098C6E135B},836,7.02973888,
98,2020-04-15 8:00:00,29132,2087,507,181,63,75,12,34,362,383,286,163,129,3,316,1034,1047,6,399,{8214D428-5A7F-4CD3-9353-BADDCEB8DBAD},1248,7.38179903,
99,2020-04-16 8:00:00,30246,2158,524,181,70,71,13,35,373,404,297,166,131,4,327,1073,1081,4,408,{734FAF3D-5255-4B6A-8FB7-839D9157A052},1114,7.25482036,
100,2020-04-17 8:00:00,31639,2213,537,187,71,55,16,38,381,418,302,167,135,4,340,1099,1110,4,412,{202E75E1-0A79-46D4-8F9A-FDE5DAF3EAB8},1393,6.79020695,
101,2020-04-18 8:00:00,32594,2268,552,188,71,55,17,39,389,429,312,173,138,4,344,1124,1140,4,423,{1D64512B-3A27-46CD-AC3A-082C55F7DCFB},955,6.30775412,
102,2020-04-19 8:00:00,33904,2325,562,189,72,57,17,43,398,438,318,178,144,4,354,1149,1172,4,431,{36352C10-44F9-4761-ADD2-CCC39F847C64},1310,5.97392489,
103,2020-04-20 8:00:00,34920,2434,592,199,87,109,18,46,420,459,329,186,151,4,370,1185,1243,6,451,{B0B5934D-DED2-4E72-AE1E-DE4E4ABB0D17},1016,6.71831082,
104,2020-04-21 8:00:00,36464,2491,611,206,96,57,19,47,427,473,334,191,154,4,378,1214,1271,6,464,{B731FB84-6127-40A6-99F3-8ACD17BC8EEB},1514,6.29792254,
105,2020-04-22 8:00:00,38689,2643,634,213,100,152,21,51,452,506,344,200,179,4,398,1284,1355,4,488,{FAEBE314-9510-4CC6-8B0A-F6C0564BAE4B},2255,6.11666868,
106,2020-04-23 8:00:00,41811,2826,658,218,102,183,22,52,496,545,364,210,185,3,422,1377,1445,4,527,{4498D2FF-C56D-420E-944F-2888959B830F},3122,6.13726234,
107,2020-04-24 8:00:00,43638,2943,683,225,111,117,22,54,515,576,376,213,191,3,438,1445,1494,4,555,{E078A04F-62DA-4C48-86BA-B8F21C86E182},1826,6.15304529,
108,2020-04-25 8:00:00,44935,3043,696,227,111,100,23,57,528,598,393,231,195,3,449,1489,1551,3,566,{417B6C92-D797-4948-856C-37615963D4BC},1297,6.28838248,
109,2020-04-26 8:00:00,45758,3141,706,230,113,98,24,65,537,609,397,233,199,3,472,1537,1601,3,602,{1F369052-C882-4873-96D1-CE03328AB926},823,6.59262278,
110,2020-04-27 8:00:00,48303,3314,733,238,118,173,26,74,576,632,414,247,215,3,498,1618,1691,5,629,{E0613253-AA3B-4E15-957E-7A7CFC7DD3B9},2545,6.51171544,
111,2020-04-28 8:00:00,50271,3432,761,241,120,118,26,81,598,649,431,259,224,3,519,1673,1754,5,642,{CAA6CB89-0E42-46B0-8D9D-24C4F64A4AF3},1966,6.34381701,
112,2020-04-29 8:00:00,52574,3564,773,244,124,132,27,89,617,665,445,266,232,4,548,1747,1811,6,671,{867EFC75-E2F6-473A-921C-59B5A9A17E78},2303,6.30146337,
113,2020-04-30 8:00:00,55199,3711,792,150,134,147,29,96,634,694,464,271,245,3,576,1826,1878,7,699,{13F5BDB7-4DCA-4E17-9850-8147BF5AD3B2},2625,6.2244489,
114,2020-05-01 8:00:00,57601,3842,811,259,138,131,31,101,655,722,476,281,254,3,603,1882,1951,9,716,{939BA0AE-9EE9-4AB9-A017-E07C327BC8DE},2402,6.27528025,
115,2020-05-02 8:00:00,59878,3927,828,266,139,85,34,107,663,739,494,286,257,3,612,1927,1993,7,732,{4E350960-FEBB-4C97-9048-FB650B118B0E},2277,6.08115538,
116,2020-05-03 8:00:00,61171,4020,842,271,144,93,39,112,677,751,504,291,263,3,629,1971,2043,6,751,{D9E4192B-1857-405A-94EA-E6C8DC6412C8},1293,6.21698944,
117,2020-05-04 8:00:00,63477,4160,864,275,150,140,42,119,691,784,514,300,273,3,649,2042,2111,7,785,{36233BF2-8AA7-4DF8-B527-BCA37B069267},2306,6.04468726,
118,2020-05-05 8:00:00,65737,4319,882,281,158,159,46,132,720,803,526,315,286,7,670,2106,2206,7,814,{240C5EBA-AD49-415A-946B-8C67982F9D20},2260,6.23890785,
119,2020-05-06 8:00:00,69062,4429,904,287,165,110,50,139,737,827,536,326,296,5,681,2169,2250,10,832,{86A6B9F5-4141-45B4-AF52-5DDB5F047240},3325,5.88080342,
120,2020-05-07 8:00:00,72634,4662,919,289,169,233,54,148,770,865,555,339,317,7,729,2270,2383,9,878,{7B5E55B0-0A05-4FD8-B25B-06861B354213},3572,5.95717067,
121,2020-05-08 8:00:00,76035,4776,938,291,175,114,57,152,797,882,567,344,324,5,746,2334,2434,8,902,{8CE173B8-0E04-4A46-9D90-F58E069DE432},3401,5.6582806,
122,2020-05-09 8:00:00,79478,4926,955,297,175,150,59,160,824,902,585,355,330,4,774,2422,2496,8,933,{79610A1B-F88E-4889-BA91-4A6FE73FF3A8},3443,5.45149243,
123,2020-05-10 8:00:00,82116,5065,973,302,175,139,62,165,846,928,597,357,341,4,805,2482,2574,9,960,{17A68F1F-4278-4359-8D55-DE74B8304DAC},2638,5.29211134,
124,2020-05-11 8:00:00,84556,5161,996,309,190,96,62,168,865,951,602,367,346,4,818,2528,2622,11,978,{97CC729C-EFF2-47E3-B679-F75A1086C5E7},2440,5.09503186,
125,2020-05-12 8:00:00,88097,5278,1019,316,194,117,63,171,885,975,609,376,350,6,839,2589,2678,11,1004,{1A9100F4-4890-409E-8A53-EFA10A93EB4D},3541,4.8802411,
126,2020-05-13 8:00:00,92095,5391,1047,321,200,113,66,179,901,994,621,380,357,6,863,2643,2737,11,1024,{F0C57BB1-0F18-4BBB-A5EA-051ED7A23BCE},3998,4.62285873,
127,2020-05-14 8:00:00,96150,5523,1070,325,208,132,68,181,921,1013,628,391,366,6,895,2710,2800,13,1054,{CCCE4808-2F10-4CB8-81B8-D068C1C6766D},4055,4.42480037,
128,2020-05-15 8:00:00,100655,5662,1085,329,209,139,74,189,936,1037,640,403,384,5,915,2783,2867,12,1079,{60BEF046-884A-4198-8B63-47A86CF0D25B},4505,4.2272,
129,2020-05-16 8:00:00,105018,5836,1104,332,209,174,77,200,961,1058,660,422,397,6,955,2879,2945,12,1100,{B867F28A-863A-441D-A0E3-AEAFA212A6CA},4363,4.22906,
130,2020-05-17 8:00:00,108426,5946,1115,339,211,110,79,202,972,1070,680,440,406,6,976,2936,2998,12,1115,{D2BB4888-24A6-4E00-81B2-1C4B9A25A58B},3408,4.07575917,
131,2020-05-18 8:00:00,111035,6026,1136,346,222,80,81,209,982,1085,693,442,408,7,985,2978,3036,12,1134,{E0450095-0118-4B8C-B568-8E4F4F289097},2609,3.92363,
132,2020-05-19 8:00:00,115837,6140,1155,351,230,114,86,218,996,1106,708,448,410,5,1011,3036,3092,12,1152,{2C53E2A3-A8A2-4A06-8EC8-4819CFF36664},4802,3.63473,
133,2020-05-20 8:00:00,120559,6315,1183,354,241,175,91,227,1023,1130,725,451,420,3,1049,3125,3177,13,1196,{42759666-D11A-48C2-8F10-B6020D69A3DA},4722,3.66235,
134,2020-05-21 8:00:00,124615,6434,1209,361,242,119,94,239,1036,1149,740,458,424,3,1071,3197,3226,11,1220,{E605B0B9-EBDA-4CA6-ABBF-D53B02AB8EFB},4056,3.408938,
135,2020-05-22 8:00:00,128410,6559,1224,369,249,125,97,244,1055,1173,753,459,430,4,1104,3273,3274,12,1240,{6FB116CE-1C53-4A91-95CE-C73C610BFFB5},3795,3.4042959,
136,2020-05-23 8:00:00,132958,6701,1232,369,249,142,99,254,1075,1197,771,463,434,5,1137,3351,3339,11,1266,{8D5689CC-C641-4DF8-B462-47C0BFF4EE83},4548,3.318998,
137,2020-05-24 8:00:00,136658,6797,1244,370,249,96,104,270,1082,1211,777,470,436,4,1158,3401,3386,10,1285,{38F21770-D96A-4632-8894-936FD9BE8613},3700,3.175534,
138,2020-05-25 8:00:00,140566,6882,1255,375,249,85,105,277,1096,1225,782,474,439,5,1175,3442,3428,12,1304,{8652B91D-58FA-431B-B14A-295BBAC7D1C5},3908,3.0726656,
139,2020-05-26 8:00:00,143587,6983,1271,377,255,101,108,283,1116,1241,788,478,441,4,1205,3487,3484,12,1319,{AECC7723-7CD7-4E61-A680-3F5B69A93B73},3021,3.0726256,
140,2020-05-27 8:00:00,147286,7100,1285,377,260,117,111,288,1140,1257,801,483,445,4,1232,3552,3537,11,1339,{E1170257-CA6C-4CB3-A48D-C7B8FCF8B50C},3699,3.0937166,
141,2020-05-28 8:00:00,151910,7240,1296,378,266,140,118,299,1162,1274,819,489,453,5,1259,3630,3598,12,1362,{8337B605-49C5-4AA7-8D8E-403428C7F83F},4624,3.0792682,
142,2020-05-29 8:00:00,156210,7385,1314,381,269,145,120,310,1188,1300,830,495,468,4,1282,3709,3661,15,1388,{140A074B-DAB7-4870-9AE0-D667051854BE},4300,3.1014,
143,2020-05-30 8:00:00,160139,7481,1324,385,269,96,123,319,1195,1308,839,505,475,4,1306,3757,3710,14,1407,{1505B17D-CC00-45FB-A998-728F32EB4048},3929,2.984343,
144,2020-05-31 8:00:00,163794,7554,1331,385,269,73,125,324,1204,1317,847,506,479,4,1322,3793,3747,14,1426,{3BE1EEAC-B929-4C6D-A3B3-3C815961A136},3655,2.904204,
145,2020-06-01 8:00:00,167733,7674,1341,387,276,120,128,331,1218,1337,854,513,483,6,1355,3859,3803,12,1449,{C6D07D6D-5F9F-474E-8B07-5B16D94096EB},3939,2.90663,
146,2020-06-02 8:00:00,172673,7798,1363,392,283,124,132,339,1231,1353,869,521,489,5,1385,3919,3867,12,1474,{FEAAF636-72B2-4B52-81FE-0A6ED06E671C},4940,2.917165,
147,2020-06-03 8:00:00,176387,7940,1383,395,288,142,140,350,1243,1374,883,531,502,5,1421,3995,3930,15,1491,{B500EB7A-99A3-4D01-A235-C35202177B68},3714,2.9107258,
148,2020-06-04 8:00:00,182323,8180,1397,397,294,240,154,364,1273,1413,895,542,505,4,1483,4138,4032,10,1547,{28C5C6BC-2992-4840-9953-B7B1B238458A},5936,3.025577,
149,2020-06-05 8:00:00,186186,8345,1416,401,296,165,161,370,1304,1446,908,550,511,4,1523,4223,4112,10,1568,{C81D41ED-EE28-4925-99A5-8C1E91E0A47A},3863,3.0912,
150,2020-06-06 8:00:00,191918,8476,1421,402,296,131,165,378,1324,1465,921,554,515,4,1561,4290,4177,9,1589,{94DDF467-EB36-4914-A48D-F00BB47CB445},5732,3.010515,
151,2020-06-07 8:00:00,195762,8619,1429,403,296,143,170,389,1346,1482,929,560,519,4,1601,4363,4247,9,1619,{C91D89CC-1253-4A67-A933-6AE94B83ED7F},3844,3.0827016,
152,2020-06-08 8:00:00,199725,8729,1441,408,301,110,173,395,1362,1504,939,561,525,4,1628,4422,4299,8,1638,{5F9887C8-BB61-4CC0-906B-FA8658874BF6},3963,3.12209469,
153,2020-06-09 8:00:00,203579,8837,1447,410,305,108,178,408,1374,1514,945,562,528,5,1653,4486,4342,9,1670,{85FC52E7-9EC5-4FC3-A9D2-33B1DE69B245},3854,3.0904121,
154,2020-06-10 8:00:00,208576,8998,1459,414,308,161,186,415,1395,1533,963,564,537,5,1692,4569,4420,9,1708,{F015C7E4-DAA4-4EA3-9D0D-CCFD716ADDBE},4997,3.09675314,
155,2020-06-11 8:00:00,214960,9130,1489,421,313,132,189,419,1421,1559,973,572,541,5,1720,4638,4483,9,1731,{538AAB7F-80E3-436A-8422-FABEA0212A3C},6384,2.9976,
156,2020-06-12 8:00:00,220743,9314,1501,425,319,184,196,425,1443,1585,989,582,560,5,1766,4741,4563,10,1763,{9BC12B42-6462-42AA-B108-42351C0A5347},5783,2.98916833,
157,2020-06-13 8:00:00,227494,9440,1519,426,319,126,206,436,1460,1603,1004,592,562,6,1792,4809,4619,12,1779,{8B0D1473-EB43-497F-9692-EB85AAA64167},6751,2.90847004,
158,2020-06-14 8:00:00,232701,9610,1530,429,320,170,215,445,1476,1633,1022,600,568,6,1840,4888,4710,12,1805,{773E771C-78A9-4707-8582-7C6DFE152EFD},5207,2.98373169,
159,2020-06-15 8:00:00,237539,9730,1543,432,323,120,219,450,1494,1650,1038,603,570,6,1874,4958,4760,12,1826,{CA8ED898-5C9B-4977-BDA3-B16576DFA8B9},4838,2.94530556,
160,2020-06-16 8:00:00,244321,9854,1562,435,327,124,223,458,1522,1669,1052,609,578,6,1896,5019,4825,10,1841,{B75196C9-24EA-422F-8E31-6E7616CED154},6782,2.8695846,
161,2020-06-17 8:00:00,254391,10092,1578,437,331,238,230,480,1548,1712,1075,621,583,8,1958,5144,4936,12,1877,{3BC1AA7C-AAFD-4CD9-9A0C-9D61AF5DCD5F},10070,2.75883288,
162,2020-06-18 8:00:00,264935,10350,1595,443,332,258,234,507,1584,1756,1094,635,586,9,2020,5279,5060,11,1925,{A04648C3-8324-4654-984A-8EAB4F0F368B},10544,2.6267,
163,2020-06-19 8:00:00,270529,10484,1604,443,338,134,238,521,1603,1764,1102,638,590,9,2073,5338,5134,12,1946,{D5220E43-E40E-4ECC-B285-8476CA1B8B62},5594,2.53607294,
164,2020-06-20 8:00:00,274942,10794,1619,449,338,310,254,558,1633,1810,1129,645,604,9,2152,5485,5293,16,2000,{B72AA490-DF48-4683-B790-98713089C065},4413,2.79196377,
165,2020-06-21 8:00:00,280773,11096,1627,451,338,302,264,583,1672,1840,1148,658,630,10,2239,5648,5430,18,2052,{2EA2BF6A-BBC4-4CAE-892E-66B62DF06296},5831,2.91374057,
166,2020-06-22 8:00:00,287592,11294,1639,454,341,198,267,611,1697,1863,1163,663,629,10,2302,5755,5526,13,2089,{C9BEF1A3-743F-4886-91A0-DF325D01B8F8},6819,2.91918468,
167,2020-06-23 8:00:00,294573,11626,1661,456,347,332,277,633,1745,1892,1203,683,643,11,2379,5917,5694,15,2160,{FCD4C476-C52E-4564-898D-D33C95C93879},6981,3.06503725,
168,2020-06-24 8:00:00,304045,11961,1687,461,352,335,289,659,1796,1925,1218,695,653,10,2491,6103,5841,17,2225,{B7925C77-40D4-4F26-B59A-75CAF901B02B},9472,3.1036253,
169,2020-06-25 8:00:00,310869,12401,1706,466,358,440,301,690,1852,1983,1252,712,662,11,2625,6315,6065,21,2313,{82346DE3-EA55-43C5-A11A-5D493A2C34E6},6824,3.4105,
170,2020-06-26 8:00:00,320041,12837,1730,475,360,436,317,731,1914,2027,1283,731,672,12,2759,6538,6279,20,2391,{7B30E7A1-6B5E-4052-82E6-A24CB94AB0F2},9172,3.5479063,
171,2020-06-27 8:00:00,328342,13334,1747,479,361,497,337,768,1974,2079,1330,761,702,14,2886,6808,6507,19,2483,{A7F46E0D-3042-43B7-BCAD-72BA3EF858FB},8301,3.8612565,
172,2020-06-28 8:00:00,335250,13832,1754,481,361,498,348,814,2038,2139,1359,773,708,16,3033,7062,6740,30,2604,{266FCB1A-CD2A-48DA-94E4-4631BEAA0F70},6908,4.11705623,
173,2020-06-29 8:00:00,342632,14149,1770,485,365,317,359,839,2084,2180,1388,778,717,19,3129,7215,6902,32,2656,{00D19AF0-080F-4DD2-9665-1FEDC7B1BF2F},7382,4.2048471,
174,2020-06-30 8:00:00,350457,14623,1791,490,372,474,366,880,2156,2239,1408,793,726,19,3282,7447,7142,34,2754,{720CF99D-982D-486A-A987-E1B2183FCC82},7825,4.4933,
175,2020-07-01 8:00:00,358967,15207,1821,497,377,584,385,917,2229,2310,1444,812,732,14,3495,7754,7401,52,2869,{5FAF2C8B-DC40-40FD-8684-0B2FB9DFC47D},8510,4.89117962,
176,2020-07-02 8:00:00,366274,15696,1849,503,387,489,397,946,2297,2363,1490,827,752,16,3647,7993,7622,81,2961,{F803AA76-F3CD-4294-AD4F-CF40707788D6},7307,5.27536289,
177,2020-07-03 8:00:00,373595,16164,1879,507,387,468,420,986,2352,2408,1517,842,758,17,3812,8219,7824,121,3052,{CA3813A9-7A27-465E-A21E-46877F17548D},7321,5.110318,
178,2020-07-04 8:00:00,381690,16726,1899,510,387,562,447,1035,2420,2460,1565,854,776,17,3995,8514,8088,124,3157,{C02130E0-D846-4CDD-A1C5-50B151DB5E0F},8095,5.5570128,
179,2020-07-05 8:00:00,389357,17000,1912,516,387,274,452,1070,2461,2489,1583,857,778,17,4080,8652,8223,125,3213,{708B0D0E-D854-4BA9-9DE4-D70BBF0A8130},7667,5.4373,
180,2020-07-06 8:00:00,394887,17578,1923,517,399,578,471,1124,2534,2572,1629,875,792,16,4231,8940,8510,128,3334,{49D411EC-F8E3-42DA-BD1F-02D44BF551DF},5530,5.8567501,
181,2020-07-07 8:00:00,402494,17842,1961,524,406,264,481,1148,2567,2604,1656,883,798,16,4305,9084,8632,126,3384,{53DB2235-B4D8-4C5B-A85A-E5D732880A1E},7607,5.7597687,
182,2020-07-08 8:00:00,411444,18402,1974,525,415,560,510,1191,2635,2674,1698,904,812,18,4454,9367,8910,125,3506,{7DB74DD4-1E36-4B4D-BD29-C67EA3E11A35},8950,5.99726254,
183,2020-07-09 8:00:00,419867,18863,2002,529,420,461,530,1243,2702,2731,1720,917,825,18,4595,9606,9130,127,3582,{E7BD53DC-E55E-4D76-883B-61DBE4A4802A},8423,5.9285,
184,2020-07-10 8:00:00,428159,19371,2025,532,422,508,559,1290,2771,2792,1766,939,839,18,4725,9856,9389,126,3672,{D14A8AFC-3AEB-4F9C-B060-986F02A4E592},8292,6.043397,
185,2020-07-11 8:00:00,436664,19929,2036,535,422,558,576,1335,2856,2860,1811,963,845,18,4890,10137,9659,133,3775,{A1D224A4-A4EA-4595-9928-176D35FA480E},8505,6.0883292,
186,2020-07-12 8:00:00,443206,20348,2052,538,422,419,608,1380,2918,2913,1832,978,852,18,5002,10358,9853,137,3847,{85D549BD-03C4-4C9D-8499-0F4135C34531},6542,6.0358,
187,2020-07-13 8:00:00,450452,20887,2073,541,436,539,630,1424,2997,2964,1867,993,862,19,5179,10638,10107,142,3952,{8EFBB937-8CF5-486A-B334-13BF897E41F4},7246,6.2493,
188,2020-07-14 8:00:00,458888,21446,2093,546,448,559,642,1481,3080,3041,1902,1008,878,20,5325,10933,10387,126,4069,{F5EAEA26-0E5B-453D-9056-25C9FB0ADCA9},8436,6.29248093,
189,2020-07-15 8:00:00,469332,21855,2127,558,465,409,661,1525,3144,3096,1924,1014,886,20,5429,11131,10589,135,4156,{78A539CE-8718-4CA0-AA65-CE152C98E318},10434,6.0241946,
190,2020-07-16 8:00:00,478546,22489,2154,562,472,634,682,1581,3241,3192,1969,1028,895,20,5617,11462,10892,135,4264,{DDA874B6-C719-4556-A88B-9CFCA58F17FC},9224,6.05048453,
191,2020-07-17 8:00:00,488836,23114,2180,567,478,625,695,1645,3320,3296,2010,1046,907,21,5780,11791,11192,131,4394,{2DF80561-5DCA-4A21-8F1E-8C23F6639452},10290,6.0308397,
192,2020-07-18 8:00:00,497779,23682,2203,571,478,568,714,1699,3405,3375,2051,1062,916,24,5925,12079,11502,101,4511,{182FFFD5-FC62-427B-8D46-5839CDEE5DB7},8943,5.9919544,
193,2020-07-19 8:00:00,505663,24135,2215,575,478,453,721,1735,3479,3442,2089,1075,917,25,6047,12324,11724,87,4605,{7E8BABE1-56E5-4D5E-A62B-E69F6106BB04},7884,6.1346792,
194,2020-07-20 8:00:00,514693,24520,2237,578,487,385,730,1773,3537,3496,2110,1086,923,25,6160,12508,11923,89,4680,{7AF37BA4-A3BC-43C7-9937-51FF101F57EA},9030,5.7943676,
195,2020-07-21 8:00:00,522973,25107,2279,592,505,587,754,1827,3621,3580,2150,1104,933,24,6328,12817,12204,86,4786,{513A2056-CE1C-4510-8598-2BDFAE85A528},8280,6.0300965,
196,2020-07-22 8:00:00,531277,25608,2309,599,512,501,770,1879,3702,3644,2210,1118,947,26,6444,13082,12441,85,4868,{7624F56E-6428-445D-AE6F-B7A24FD81AB2},8304,6.0133686,
197,2020-07-23 8:00:00,538251,26098,2330,602,524,490,786,1932,3777,3708,2237,1132,960,25,6564,13321,12692,85,4977,{E268B07A-D13C-4B6D-BCDF-431557FF310C},6974,6.1115,
198,2020-07-24 8:00:00,554680,26701,2364,606,533,603,806,1994,3865,3799,2276,1151,987,24,6727,13624,12981,96,5072,{049FAA89-8C1F-491A-B98A-81125A004CE4},16429,5.7935046,
199,2020-07-25 8:00:00,562185,26984,2391,614,533,283,821,2017,3908,3833,2303,1159,996,28,6793,13774,13105,105,5126,{31A565B9-E98D-419F-B6AE-E3CF6A530C44},7505,5.6205734,
200,2020-07-26 8:00:00,568641,27507,2405,618,533,523,841,2057,3979,3892,2361,1188,1016,29,6931,14034,13343,130,5213,{455C88A3-33C6-4CF3-9FC7-00E65F0A4759},6456,5.7073385,
202,2020-07-27 8:00:00,575264,28005,2430,626,547,498,859,2098,4039,3951,2402,1198,1024,29,7097,14277,13596,132,5308,{95B9C3D3-8999-403F-B282-B1F677AA480B},6623,5.70298,
203,2020-07-28 8:00:00,582163,28287,2459,632,552,282,872,2122,4078,4002,2418,1205,1032,29,7179,14419,13740,128,5350,{3209D8E5-7E05-4C83-B970-4076EC8E21CA},6899,5.5493815,
204,2020-07-29 8:00:00,590401,28668,2486,638,558,381,886,2166,4130,4055,2449,1210,1038,28,7287,14620,13922,126,5419,{1B57F1FA-DC68-4D3F-8DEC-C3E24852D4EC},8238,5.626905,
205,2020-07-30 8:00:00,599467,29048,2521,642,561,380,894,2205,4198,4099,2477,1223,1041,28,7396,14833,14099,116,5487,{3BC32395-ED0F-4B0A-AC55-A78F73788230},9066,5.4242026,
206,2020-07-31 8:00:00,608628,29577,2551,650,565,529,911,2255,4277,4167,2514,1238,1050,27,7543,15137,14324,116,5595,{2D5F90C5-EE79-4670-A255-4463FDD3FDF1},9161,5.395185,
207,2020-08-01 8:00:00,614283,29883,2577,652,565,306,927,2284,4335,4199,2538,1250,1053,27,7618,15316,14459,108,5652,{33D5F0EB-21A9-4CE2-A07F-7FD01F4C1BA2},5655,5.322564,
208,2020-08-02 8:00:00,620819,30226,2599,656,565,343,942,2317,4383,4247,2563,1270,1062,28,7692,15488,14614,124,5722,{A29FDB35-AECA-44E5-BDAA-49CABBA38F29},6536,5.2893466,
209,2020-08-03 8:00:00,624987,30516,2627,662,568,290,946,2359,4416,4288,2588,1277,1067,28,7770,15641,14769,106,5777,{688A40EC-E5F6-454D-984B-0502DEE75CD1},4168,5.4363791,
210,2020-08-04 8:00:00,631968,30864,2655,666,578,348,958,2406,4468,4326,2619,1285,1078,30,7858,15802,14958,104,5836,{D6DC6F4F-A197-4CC8-9A94-8866C75BFD61},6981,5.2818937,
211,2020-08-05 8:00:00,643074,31127,2681,674,583,263,963,2436,4509,4360,2649,1292,1085,30,7922,15936,15094,97,5881,{FD517C24-3304-4CB8-8038-CC071CF3C6D7},11106,4.9366262,
212,2020-08-06 8:00:00,654575,31779,2712,681,586,652,990,2499,4604,4445,2692,1301,1091,30,8105,16298,15377,104,6022,{7202291E-76DD-4E56-9E58-59CA4726AF51},11501,4.8837729,
213,2020-08-07 8:00:00,664047,32330,2730,682,593,551,1007,2563,4690,4511,2737,1321,1106,32,8243,16590,15624,116,6120,{1906CCFD-7239-4DA3-B8F1-C926F0C95ACC},9472,5.1468907,
214,2020-08-08 8:00:00,670283,32747,2745,687,594,417,1023,2603,4746,4585,2765,1337,1120,32,8337,16796,15829,122,6199,{6BB4D3FA-B18D-4209-AA1E-498D7F67D5D0},6236,5.3312735,
215,2020-08-09 8:00:00,677853,32975,2752,689,594,228,1026,2623,4788,4615,2784,1353,1128,30,8387,16921,15936,118,6241,{2DA44749-4B06-4846-BAA0-2939D6AB07ED},7570,5.0067758,
216,2020-08-10 8:00:00,683522,33157,2771,694,602,182,1029,2643,4808,4638,2798,1360,1134,30,8435,17016,16027,114,6282,{32800185-6311-4AE5-9B6F-D3FA51F2F454},5669,4.7590016,
217,2020-08-11 8:00:00,690861,33393,2792,696,608,236,1051,2674,4829,4670,2819,1362,1139,32,8496,17135,16151,107,6321,{672092D3-EC55-4D52-9253-58451AE23952},7339,4.6974185,
218,2020-08-12 8:00:00,698881,33659,2809,699,615,266,1060,2699,4875,4709,2835,1374,1141,32,8571,17274,16281,104,6363,{852DDC26-5738-4EE6-BC7E-3CE7D7BFEDDF},8020,4.60084808,
219,2020-08-13 8:00:00,708389,34065,2823,703,622,406,1080,2741,4933,4765,2871,1384,1148,31,8672,17492,16471,102,6440,{5A974A2C-2DE4-4595-B4E5-18F32AEC9986},9508,4.60084808,
220,2020-08-14 8:00:00,719657,34344,2835,710,626,279,1088,2759,4985,4814,2898,1391,1154,33,8730,17627,16614,103,6492,{D999DE1C-A450-4D07-9B36-C3F635E55605},11268,4.2934729,
221,2020-08-15 8:00:00,726704,34678,2856,715,626,334,1107,2786,5026,4862,2923,1402,1162,32,8828,17811,16758,109,6550,{0A9EC3A3-B5C8-4011-99FC-0616D426F5FB},7047,4.2652,
223,2020-08-16 8:00:00,733081,34960,2868,716,626,282,1121,2809,5070,4897,2948,1411,1166,34,8902,17956,16891,113,6602,{8901916B-2CB1-403D-BAB3-38F73197B8EF},6377,4.2169,
224,2020-08-17 8:00:00,738665,35162,2890,719,633,202,1128,2827,5101,4935,2962,1412,1172,34,8948,18056,16996,110,6643,{02C60DC1-D971-4CDC-A4C2-BCDF9B222733},5584,4.0869825,
225,2020-08-18 8:00:00,745446,35376,2916,723,638,214,1142,2850,5130,4964,2979,1422,1181,33,8994,18156,17112,108,6681,{52886B98-7B28-4C38-82A9-A71DED566915},6781,3.9761011,
226,2020-08-19 8:00:00,755311,35608,2930,726,644,232,1147,2876,5174,5001,2993,1431,1189,33,9051,18276,17225,107,6713,{156FBE12-15B2-423A-B983-644FDA7A3D93},9865,3.9924446,
227,2020-08-20 8:00:00,761878,35912,2946,726,652,304,1163,2891,5222,5050,3023,1440,1197,31,9118,18429,17378,105,6777,{172CCCB2-8D1D-43C0-A6D3-9C2619A77911},6567,3.8517096,
228,2020-08-21 8:00:00,770702,36203,2961,728,660,291,1171,2909,5270,5086,3055,1447,1207,31,9199,18581,17515,107,6828,{83A5CA76-5BC6-49B3-AC30-FACD41BB6482},8824,3.6313347,
229,2020-08-22 8:00:00,777485,36540,2978,729,660,337,1186,2939,5309,5138,3082,1462,1221,31,9294,18760,17673,107,6878,{E7DEF210-29DB-46F2-AA36-B25C6A023674},6783,3.5381803,
230,2020-08-23 8:00:00,784836,36727,2989,733,660,187,1195,2963,5331,5153,3097,1468,1222,34,9350,18854,17766,107,6914,{3A5201E1-82B5-430B-9FA3-6F8BED5A91FC},7351,3.5070993,
231,2020-08-24 8:00:00,790370,36994,3006,736,665,267,1203,2983,5376,5184,3130,1482,1224,33,9405,19001,17890,103,6974,{283F2381-C33B-4146-A4AF-4E99E64FD30C},5534,3.5910827,
232,2020-08-25 8:00:00,798697,37222,3022,738,668,228,1212,3004,5408,5216,3146,1498,1234,33,9459,19134,17986,102,7012,{0795754C-97DD-4A51-948A-72720EA240E7},8327,3.5507623,
233,2020-08-26 8:00:00,803932,37499,3040,738,673,277,1226,3035,5450,5248,3165,1505,1243,29,9535,19283,18114,102,7063,{5831313C-6B9D-4944-8280-D3017728C871},5235,3.65536739,
234,2020-08-27 8:00:00,812753,37784,3065,746,676,285,1243,3068,5484,5290,3185,1517,1254,31,9602,19408,18271,105,7110,{7C881CA4-E4AD-474B-A763-3ABBD01C7279},8821,3.5634893,
235,2020-08-28 8:00:00,819549,38047,3083,749,679,263,1261,3091,5518,5320,3211,1526,1265,31,9666,19542,18405,100,7158,{75FFF710-F400-4217-9FE7-EF75AE14B116},6796,3.7070036,
236,2020-08-29 8:00:00,824909,38300,3099,750,682,253,1272,3114,5557,5360,3232,1536,1270,31,9717,19656,18542,102,7211,{BA2184E6-52C0-4681-BB6A-7997ABCD0D6F},5360,3.6882032,
237,2020-08-30 8:00:00,830640,38604,3111,750,682,304,1283,3147,5608,5406,3254,1544,1276,31,9795,19814,18686,104,7260,{564BD929-0A56-4413-8AD5-411ECD66E531},5731,3.7351756,
238,2020-08-31 8:00:00,837626,38871,3125,755,688,267,1287,3180,5653,5434,3276,1556,1290,34,9855,19950,18819,102,7306,{1D5823EF-6466-47DE-9F11-71B81D64025C},6986,3.7479411,
239,2020-09-01 8:00:00,845232,39121,3142,760,695,250,1294,3237,5690,5471,3289,1563,1296,33,9909,20095,18922,104,7339,{0D8A7154-B80A-48C5-83E4-C0A18A13251E},7606,3.7530315,
240,2020-09-02 8:00:00,854263,39446,3169,767,700,325,1305,3309,5731,5509,3309,1573,1311,31,9988,20261,19086,99,7380,{FD255622-BCEE-4CEA-88C9-ECE39CBDF6F6},9031,3.87648233,
241,2020-09-03 8:00:00,861817,39899,3194,768,701,453,1320,3412,5788,5555,3334,1589,1317,32,10117,20479,19312,108,7435,{7965F319-6459-4DA4-8CDD-3DA92BB4EAAB},7554,3.98943355,
242,2020-09-04 8:00:00,869262,40342,3199,768,704,443,1331,3511,5847,5611,3359,1605,1321,32,10224,20684,19549,109,7501,{6BA03562-0646-421F-B29E-AB7C7E34C8DA},7445,4.1994724,
243,2020-09-05 8:00:00,873533,40650,3214,772,707,308,1339,3594,5873,5641,3372,1611,1324,32,10321,20858,19680,112,7543,{9963F15E-664C-495A-BDB7-7E57FB5B6DA4},4271,4.27910444,
244,2020-09-07 8:00:00,885048,41077,3232,779,709,211,1346,3685,5940,5697,3399,1624,1340,34,10418,21069,19898,110,7594,{583E646A-810D-4ACE-84B6-465EBFC086A5},4727,4.3347123,
245,2020-09-06 8:00:00,880321,40866,3225,777,708,216,1346,3629,5919,5672,3388,1616,1330,33,10364,20965,19788,113,7569,{EB1D16C5-D8A2-483F-AAE1-4B7518731E5C},6788,4.3125119,
246,2020-09-08 8:00:00,880321,41324,3237,773,721,247,1351,3728,5972,5722,3419,1632,1343,34,10493,21179,20035,110,7630,{407E67B6-999D-4CF4-9254-EAC378C41528},4566,4.5123038,
247,2020-09-09 8:00:00,897915,41608,3253,775,725,284,1362,3830,5995,5754,3434,1643,1351,38,10542,21325,20173,110,7659,{4C5A4AAD-D2E0-4ACF-B538-F3917A43155D},8311,4.3720672,
248,2020-09-10 8:00:00,907123,41969,3266,775,730,361,1378,3894,6042,5795,3456,1656,1355,35,10637,21489,20368,112,7721,{87BFD444-16C0-4465-975D-46027BDCBB3A},9208,4.43467203,
249,2020-09-11 8:00:00,915654,42414,3278,777,734,445,1394,3959,6107,5843,3482,1671,1363,33,10758,21687,20616,111,7804,{D6CC361E-530F-4501-9322-DCEA65FCB745},8531,4.5439883,
250,2020-09-12 8:00:00,923935,42679,3296,781,734,265,1408,4006,6147,5885,3503,1676,1371,34,10815,21827,20739,113,7834,{9EC94CE9-FF0F-40EB-B034-EBF93FE8E5B3},8281,4.422071,
251,2020-09-13 8:00:00,929856,42887,3306,781,734,208,1408,4038,6171,5915,3518,1688,1378,33,10873,21927,20845,115,7865,{81C8F0FF-DE3B-4732-A627-35FBB9920C99},5921,4.3168441,
252,2020-09-14 8:00:00,935825,43181,3335,784,742,294,1419,4094,6208,5947,3548,1697,1384,35,10937,22080,20986,115,7912,{B891668C-A583-4F09-A9A1-6BE59FF34560},5969,4.3890467,
253,2020-09-15 8:00:00,944469,43445,3349,787,748,264,1423,4142,6242,5976,3575,1705,1392,35,11002,22212,21118,115,7953,{4456F487-0C35-4D33-81F6-8120D840AC8B},8644,4.3890467,
254,2020-09-16 8:00:00,953964,43619,3366,791,754,174,1436,4172,6259,6000,3590,1713,1397,35,11036,22289,21217,113,7981,{484A9F89-B18B-4019-A622-A092F5D7573F},9495,4.18551468,
255,2020-09-17 8:00:00,964199,44007,3381,793,757,388,1448,4231,6307,6048,3612,1735,1405,35,11119,22476,21416,115,8067,{C1DC74A7-1F4A-4DB4-92A2-C488FAB9CD66},10235,4.01242405,
256,2020-09-18 8:00:00,973462,44293,3395,796,760,286,1464,4278,6338,6092,3632,1743,1415,35,11187,22628,21551,114,8119,{6699015C-BD85-41D4-8457-73F633682360},9263,3.7917466,
257,2020-09-19 8:00:00,982559,44577,3404,800,760,284,1471,4347,6376,6121,3644,1748,1420,36,11260,22787,21675,115,8154,{97A02E0E-6F80-467D-B161-B06575511E6F},9097,3.6018931,
258,2020-09-20 8:00:00,988933,44925,3418,801,760,348,1499,4399,6418,6160,3676,1766,1428,36,11341,22965,21846,114,8202,{199917DF-2B21-4ED8-B095-F3B673B4CC6E},6374,3.7371561,
259,2020-09-21 8:00:00,997063,45147,3435,809,765,222,1507,4430,6454,6181,3699,1772,1428,36,11400,23095,21939,113,8240,{63C6EB61-5B65-499C-BACB-6500227F2E2B},8130,3.63344194,
260,2020-09-22 8:00:00,1002154,45425,3450,813,767,278,1514,4473,6495,6223,3722,1787,1440,37,11464,23235,22076,114,8270,{56ED46B1-0BEF-4A74-8C22-CF04CFD4C5AF},5091,3.6437139,
261,2020-09-23 8:00:00,1015763,45596,3460,814,773,171,1524,4487,6521,6244,3744,1792,1442,37,11503,23321,22162,113,8302,{2321C951-D659-40C2-96B7-49E06CE31A27},13609,3.840201,
262,2020-09-24 8:00:00,1023476,46001,3473,817,775,405,1544,4542,6573,6297,3773,1799,1446,36,11604,23526,22358,117,8387,{D9B14520-8FAD-4A86-A057-FA526047AE60},7713,3.46531675,
263,2020-09-25 8:00:00,1023476,46331,3483,814,775,330,1567,4592,6622,6342,3972,1808,1445,36,11688,23702,22507,122,8439,{2B18AB0B-0B19-47DD-A146-AA2353FB52F4},7713,3.3269348,
264,2020-09-26 8:00:00,1041940,46610,3497,816,776,279,1585,4627,6649,6376,3824,1822,1453,37,11753,23854,22635,121,8484,{FA2BD993-3859-4C88-B8D1-3D18B2D328A5},8550,3.3269348,
266,2020-09-27 8:00:00,1047950,46734,3502,816,776,124,1585,4647,6665,6399,3830,1828,1456,37,11769,23912,22698,124,8518,{194DB15C-B85E-49A4-B8D3-59C7E5647A45},6010,3.2575745,
267,2020-09-28 8:00:00,1056947,46985,3515,817,781,251,1595,4671,6705,6443,3849,1840,1463,38,11822,24052,22808,125,8559,{04433A02-5E83-4388-9750-88CF21FE58BB},8997,3.1406351,
268,2020-09-29 8:00:00,1067656,47180,3525,822,783,195,1609,4695,6740,6459,3859,1847,1468,39,11871,24143,22914,123,8593,{01702A2E-6EC5-43D3-BD8D-5A4755851486},10709,3.0373509,
269,2020-09-30 8:00:00,1079365,47485,3545,828,792,305,1610,4730,6785,6506,3882,1857,1476,37,11947,24297,23065,123,8655,{5AEA382A-CAD1-4E3C-8B84-77848BCDB841},11709,3.08291002,
270,2020-10-01 8:00:00,1088581,47791,3554,829,794,306,1625,4761,6828,6542,3903,1873,1483,38,12027,24442,23228,121,8711,{30964334-5360-42BC-B33C-5C7822A96A82},9216,3.04224083,
271,2020-10-02 8:00:00,1097724,48200,3560,830,798,409,1640,4805,6878,6596,3927,1890,1502,38,12128,24659,23419,122,8796,{CF2F888C-A48E-40C3-8EA3-0979E9CA87E3},9143,3.1496888,
272,2020-10-03 8:00:00,1106521,48436,3575,831,803,236,1650,4831,6910,6624,3946,1899,1507,38,12192,24785,23527,124,8839,{436928E7-2984-41B8-81DD-BC16253F85BA},8797,3.118535,
273,2020-10-04 8:00:00,1113098,48660,3585,832,803,224,1662,4860,6941,6658,3959,1908,1510,38,12245,24908,23630,122,8879,{49B882D7-1BCB-496A-BF66-F72A4E531002},6577,3.0133848,
274,2020-10-05 8:00:00,1121886,48821,3602,833,806,161,1666,4876,6957,6677,3967,1915,1518,39,12282,25003,23695,123,8924,{6CCA1557-897A-43CE-9DE4-CF643C42AEAE},8788,2.9485173,
275,2020-10-06 8:00:00,1132501,49175,3626,839,813,354,1678,4911,7006,6729,3992,1937,1530,40,12366,25185,23864,126,8986,{1CEC47CE-F7EA-4ADC-91F4-3652E88FCF52},10615,2.8817558,
276,2020-10-07 8:00:00,1143416,49466,3646,849,819,291,1694,4941,7049,6754,4014,1951,1539,39,12442,25335,24005,126,9043,{54DB278B-E782-4641-AF6F-158E1480EC4B},10915,3.0316561,
277,2020-10-08 8:00:00,1198765,49823,3652,848,821,357,1711,4978,7104,6800,4046,1965,1543,39,12546,25509,24187,127,9091,{91C30DC8-9907-49B1-BB0A-403FEFC502EB},55349,2.8571642,
278,2020-10-09 8:00:00,1210136,50143,3670,849,825,320,1730,5011,7151,6836,4076,1973,1550,40,12623,25673,24343,127,9153,{2DF48EB3-1B65-4B38-BB1A-778201828FDA},11371,2.8235364,
279,2020-10-10 8:00:00,1220011,50551,3681,851,826,408,1747,5047,7207,6896,4113,1983,1556,42,12742,25887,24535,129,9218,{08113080-9205-4537-9F14-E7FD64B3DA8F},9875,2.8907161,
280,2020-10-11 8:00:00,1227584,50746,3692,854,826,195,1759,5066,7237,6921,4123,1989,1561,43,12794,25993,24652,128,9253,{E9FDD5A3-2B3E-476B-A27D-64E742CA42C3},7573,2.909439,
281,2020-10-12 8:00:00,1237662,51024,3702,857,840,278,1767,5091,7273,6974,4146,2003,1562,44,12860,26132,24760,132,9304,{FCEEAA4D-3F81-4A99-9FE3-2553932E4150},10078,2.901684,
282,2020-10-13 8:00:00,1247324,51327,3710,858,844,303,1785,5120,7329,7002,4159,2014,1567,43,12922,26269,24926,132,9386,{815893F2-5527-49B7-B216-092750F577D9},9662,3.00185308,
283,2020-10-14 8:00:00,1255639,51470,3720,862,847,143,1799,5140,7350,7033,4177,2022,1570,42,12951,26371,24968,131,9386,{A01CF1B7-8CF5-4C63-89BF-7B8C0E3CA8B1},8315,2.9572406,
284,2020-10-15 8:00:00,1262363,51781,3740,865,850,311,1821,5170,7383,7066,4212,2042,1576,43,13022,26535,25115,131,9446,{DB7EBEC0-9610-4D11-A127-7D341C33AA0B},6724,3.0167395,
285,2020-10-16 8:00:00,1281786,51982,3752,869,853,201,1835,5194,7414,7085,4232,2049,1580,44,13072,26643,25209,130,9477,{AA976C89-24CB-4619-9E03-3D78BAF70FFE},19423,2.6532531,
286,2020-10-17 8:00:00,1281786,52355,3763,870,853,373,1860,5234,7484,7132,4262,2062,1583,44,13153,26847,25374,134,9541,{0957AC7F-EB1C-4342-B5A4-952631E63B9B},19423,2.6846511,
287,2020-10-18 8:00:00,1302869,52735,3770,872,853,380,1882,5275,7541,7173,4299,2075,1588,45,13249,27040,25564,131,9608,{8B997226-1E55-4D44-9D9A-523B1709A032},8850,2.7487167,
288,2020-10-19 8:00:00,1302869,53000,3788,876,857,265,1891,5308,7582,7208,4321,2088,1595,45,13310,27171,25696,133,9652,{547628D4-866A-452A-AC3B-ED5B23E74B58},8850,2.8127587,
289,2020-10-20 8:00:00,1322428,53263,3800,879,863,263,1908,5333,7608,7238,4348,2092,1601,44,13383,27300,25829,134,9708,{FFBD2C3E-40DF-4E74-8C0F-B5306006B245},10449,2.754587,
290,2020-10-21 8:00:00,1342067,53498,3815,882,866,235,1921,5352,7645,7270,4366,2106,1606,45,13436,27421,25941,136,9751,{8ED98ACF-91A3-4CCD-B21B-06720B7798CB},19639,2.6524919,
291,2020-10-22 8:00:00,1354922,53928,3827,884,867,430,1948,5404,7719,7318,4404,2119,1611,43,13534,27648,26141,139,9828,{D362B364-81A1-4434-9F2B-CD2A8A72FE19},13360,2.7088736,
292,2020-10-23 8:00:00,1365706,54314,3842,885,868,386,1973,5447,7776,7376,4440,2127,1615,44,13613,27849,26326,139,9903,{F8F05C05-D112-46E8-AE3A-C87D4B10BC18},10784,2.7613,
293,2020-10-24 8:00:00,1376525,54583,3850,889,870,269,1995,5468,7820,7401,4455,2141,1624,44,13669,27980,26462,141,9966,{81BAF07A-4BA5-456A-ABD6-37FFCEBDF51F},10819,2.6544478,
294,2020-10-25 8:00:00,1384352,54941,3859,892,870,358,2016,5499,7865,7451,4484,2153,1640,45,13755,28167,26633,141,10033,{9AB1DF8A-4DE1-4412-993C-3BA57085B97F},7827,2.7571476,
295,2020-10-26 8:00:00,1394808,55210,3875,898,877,269,2033,5535,7904,7487,4502,2168,1645,44,13819,28314,26752,144,10073,{A73F8F4E-FDDB-4E38-B878-0FCFF1CC04C0},10456,2.7444141,
296,2020-10-27 8:00:00,1405924,55540,3883,905,881,330,2050,5564,7954,7528,4527,2181,1652,44,13893,28484,26912,144,10147,{D85AD607-AE06-48CA-AADF-D745F9DCE17F},11116,2.73603408,
297,2020-10-28 8:00:00,1419262,55898,3892,902,885,358,2068,5605,7998,7576,4561,2194,1669,45,13977,28677,27076,145,10205,{7F23838A-A2A4-4B3B-AE44-B1CE0531E393},13338,2.7848181,
298,2020-10-29 8:00:00,1434275,56369,3911,905,888,471,2085,5647,8065,7643,4597,2214,1676,45,14087,28902,27320,147,10310,{EED37B45-CE7A-4D38-A146-43BBEA9C0728},15013,2.74247732,
299,2020-10-30 8:00:00,1447154,56750,3922,905,891,381,2104,5669,8130,7698,4613,2226,1680,46,14188,29090,27514,146,10396,{01433EAC-00C9-4E66-B59C-1BA879A1D6C3},12879,2.9660964,
300,2020-10-31 8:00:00,1456644,57102,3932,908,891,352,2125,5704,8190,7749,4633,2236,1690,45,14261,29259,27692,151,10469,{FD84FFC6-A1C2-432A-840F-5716FE20C4D1},9490,3.0042973,
301,2020-11-01 8:00:00,1466892,57409,3944,914,891,307,2133,5731,8228,7795,4664,2256,1700,46,14333,29408,27853,148,10523,{4ED4A8B8-EA83-4C03-A2B5-760DB429CC6F},10248,2.9321539,
302,2020-11-02 8:00:00,1475092,57702,3968,918,901,293,2149,5755,8268,7835,4691,2268,1707,48,14402,29557,27996,149,10579,{C24B9A49-7CD6-4740-9D59-30F308D6A1E4},8200,,
303,2020-11-03 8:00:00,1490437,58106,3983,921,904,404,2169,5791,8326,7880,4720,2280,1717,50,14513,29762,28193,151,10660,{A11688EA-3713-4649-BC21-BCBB021E32A1},15345,2.9640555,
305,2020-11-04 8:00:00,1506342,58636,3995,923,904,530,2207,5843,8408,7953,4767,2293,1728,49,14634,30038,28442,156,10754,{46A34CE0-49DE-4C4D-ADF7-5A717CDB9CAB},15905,3.11809685,
306,2020-11-04 8:00:00,1506342,58636,3995,923,904,530,2207,5843,8408,7953,4767,2293,1728,49,14634,30038,28442,156,10754,{27041C61-54B6-48F6-BE41-D94D154ECE71},15905,3.11809685,
309,2020-11-05 8:00:00,1519421,59116,4014,924,907,480,2233,5883,8479,8019,4800,2308,1735,51,14750,30286,28674,156,10858,{47A0CD47-585F-4F36-8F21-F077856EC673},13079,3.15381856,
310,2020-11-06 8:00:00,1532929,59656,4028,929,908,540,2265,5934,8550,8085,4847,2325,1744,53,14898,30552,28947,157,10955,{38A64B5C-D3B1-4CED-A9C5-3FC263149CF7},13508,3.1945366,
311,2020-11-07 8:00:00,1542946,60169,4049,934,908,513,2285,6000,8613,8154,4891,2336,1750,54,15032,30794,29217,158,11054,{94BF4445-49E8-4FBA-AD91-36272FA43D9C},10017,3.3565476,
312,2020-11-08 8:00:00,1553554,60570,4062,938,908,401,2304,6059,8665,8195,4924,2345,1759,53,15141,31005,29406,159,11125,{D541D62C-95D5-4D2E-AB88-D6B9BDBFCF11},10608,3.3267928,
313,2020-11-09 8:00:00,1562879,61053,4084,944,915,483,2325,6111,8743,8242,4953,2363,1170,54,15295,31222,29674,157,11197,{82678DF9-7122-464E-BAEF-0CC42ED232D7},9325,3.47650695,
314,2020-11-10 8:00:00,1576633,61714,4105,945,918,661,2351,6161,8826,8325,5021,2387,1794,56,15457,31539,30010,165,11336,{83EF94BD-2291-42BB-BBF1-0F05EF43C9F9},13754,3.61668102,
315,2020-11-11 8:00:00,1594541,62334,4130,948,918,620,2382,6219,8899,8404,5080,2415,1807,61,15631,31824,30347,163,11436,{3FA25D97-E52A-40B0-94EC-9724E0CFA4CD},17908,3.67186029,
316,2020-11-12 8:00:00,1594541,62945,4154,947,921,611,2418,6267,8979,8489,5135,2440,1826,60,15785,32130,30650,165,11546,{8B120E7E-E16B-44E9-BAD0-A2366794F863},17908,3.75923946,
317,2020-11-13 8:00:00,1629003,63681,4173,952,926,736,2452,6356,9082,8591,5183,2461,1840,60,15971,32540,30973,168,11685,{35C81E3A-EEC1-434A-93D1-9E1D324ACD4C},19799,3.811404,
318,2020-11-14 8:00:00,1641352,64768,4197,958,926,1087,2514,6466,9235,8733,5284,2499,1859,62,16239,33062,31528,178,11877,{A73A58C7-BBA7-4626-9B2D-CA00FBDD2DF5},12349,4.1503346,
319,2020-11-15 8:00:00,1656350,65601,4212,960,926,833,2550,6551,9355,8850,5348,2531,1869,65,16439,33492,31930,179,12043,{C2FED0B6-A2EE-42FA-A2FF-B5F67A10A13A},14998,4.3239135,
320,2020-11-16 8:00:00,1697828,66319,4236,967,933,718,2595,6613,9441,8926,5419,2570,1903,65,16610,33865,32271,183,12177,{8CE189BF-9F15-4A18-9A1B-5D8712CF07C7},41478,4.37918,
321,2020-11-17 8:00:00,1712134,67241,4274,971,945,922,2643,6706,9569,9077,5488,2608,1921,70,16822,34340,32715,186,12337,{E1250A02-20E1-45E8-8324-93B54545AD6F},14306,4.667072,
322,2020-11-18 8:00:00,1724945,68140,4303,975,952,899,2687,6821,9676,9207,5553,2649,1938,67,17042,34817,33130,193,12500,{A3176B02-8ABB-4E61-A4AB-B140ABA8F903},12811,4.9335804,
323,2020-11-19 8:00:00,1758966,69231,4329,981,960,1091,2766,6917,9804,9347,5637,2682,1954,64,17319,35360,33674,197,12741,{ADE38C38-38CD-494E-BD21-12FC46EE9691},34021,4.73590815,
324,2020-11-20 8:00:00,1780913,70709,4354,983,966,1478,2836,7074,10011,9538,5773,2729,1987,66,17662,36161,34345,203,13033,{7407A4CF-4965-4982-99BE-D4DE2B2C5378},21947,4.97838032,
325,2020-11-21 8:00:00,1780913,71648,4386,992,968,939,2893,7162,10187,9644,5859,2775,2008,65,17842,36681,34769,198,13213,{28F09DB1-7933-47D4-9557-F8D4BEE91654},21947,4.9424337,
326,2020-11-22 8:00:00,1823281,72815,4414,994,968,1167,2947,7288,10354,9788,5940,2820,2029,68,18137,37303,35306,206,13444,{341469D9-799E-4433-B864-EFD05F07DD66},22117,5.0233218,
327,2020-11-23 8:00:00,1840610,74361,4435,1002,984,1546,3017,7438,10582,10005,6067,2880,2051,75,18514,38123,36034,204,13732,{E26C5ED1-1882-4F54-A4DD-82BE41D69922},17329,5.2858397,
328,2020-11-24 8:00:00,1861348,75305,4470,1006,988,944,3066,7543,10716,10142,6147,2915,2082,74,18719,38634,36466,205,13901,{0EF2DDF7-5D7E-45FE-9A77-C78CCCC82430},20738,5.2525401,
329,2020-11-25 8:00:00,1888369,76357,4507,1011,996,1052,3141,7655,10865,10284,6232,2984,2114,77,18949,39192,36950,215,14056,{3A608A6C-D7AB-42BB-88DF-72EBC036B532},27021,5.23511931,
330,2020-11-26 8:00:00,1913807,78159,4544,1015,996,1802,3233,7839,11151,10535,6384,3042,2138,84,19346,40124,37815,220,14407,{F0321D04-D2B2-4240-8062-68C9DCB2F205},25438,5.53493989,
332,2020-11-27 8:00:00,1926739,80018,4577,1010,997,1859,3327,8053,11433,10788,6532,3108,2180,86,19746,41057,38731,230,14765,{343DCAA1-E420-4EC5-B5BB-DC71B32D7552},12932,6.09578179,
333,2020-11-28 8:00:00,1940347,81084,4603,1016,997,1066,3389,8166,11590,10941,6643,3154,2204,88,19968,41615,39237,232,14941,{0B7E72E1-5E1C-4E5F-A297-069622F0155C},13608,6.0594807,
334,2020-11-29 8:00:00,1955695,82043,4635,1019,997,959,3434,8265,11717,11065,6713,3186,2237,93,20214,42098,39704,241,15119,{D967A962-DC3B-4DCE-8EC0-0739E0C3118C},15348,6.098348,
335,2020-11-30 8:00:00,1971072,83421,4685,1030,1019,1378,3494,8413,11882,11249,6839,3239,2277,92,20581,42792,40376,253,13355,{41E6ABE7-B3FF-41C6-B6F5-9A90C1C10FA3},15377,6.3463672,
336,2020-12-01 8:00:00,1992773,84638,4726,1038,1035,1217,3583,8531,12050,11415,6944,3284,2325,91,20865,43413,40971,254,15550,{10097BE8-D865-4568-920D-AA4B4E8625C9},21701,6.2834089,
337,2020-12-02 8:00:00,2019384,86142,4769,1052,1040,1504,3687,8717,12282,11603,7034,3334,2338,94,21229,44179,41702,261,15824,{2A9D879A-BC13-424C-A445-37F01CF2B262},26611,6.19323498,
338,2020-12-03 8:00:00,2044673,88181,4806,1061,1047,2039,3799,8974,12565,11858,7206,3408,2405,96,21681,45229,42676,276,16189,{39CCCE83-8731-41D5-8047-50E1AFDF5978},25289,6.7212882,
339,2020-12-04 8:00:00,2068832,90468,4836,1065,1055,2287,3932,9212,12901,12159,7417,3500,2486,98,22151,46448,43730,290,16612,{3D7915AB-51F5-4FEE-AAA7-9FA5612E97CB},24159,6.95367268,
340,2020-12-05 8:00:00,2095791,92171,4871,1068,1062,1703,4045,9418,13153,12380,7552,3577,2537,97,22516,47328,44557,286,16896,{442B7D66-C01E-48AF-A6AC-8A53E371FAA7},26959,7.0559719,
341,2020-12-06 8:00:00,2116986,94169,4921,1077,1062,1998,4171,9659,13439,12658,7716,3639,2571,103,22930,48325,45549,295,17283,{4B741817-A287-4010-AA9C-6AB4D0C8D816},21195,7.3650229,
342,2020-12-07 8:00:00,2138288,95445,4951,1086,1088,1276,4235,9795,13607,12848,7824,3693,2605,100,23210,48960,46189,296,17528,{9B23F9FF-4E74-48D6-B730-8F9BF6C3ACA8},21743,7.1628526,
343,2020-12-08 8:00:00,2163746,97549,4987,1090,1103,2104,4350,10038,13925,13135,8035,3773,2660,103,23609,50100,47150,299,17921,{083C29B7-179C-49AD-ABBC-C551F2B25953},25017,7.44865737,
344,2020-12-09 8:00:00,2192560,99599,5026,1094,1114,2050,4459,10274,14198,13415,8215,3837,2712,102,24074,51159,48133,307,18313,{90ECEE9D-153B-4E0A-8F6B-AFC86888D1A9},28814,7.7363992,
345,2020-12-10 8:00:00,2217562,102466,5064,1098,1137,2867,4655,10570,14606,13817,8462,3957,2787,105,24659,52614,49518,334,18848,{3104734E-E79C-440A-89A7-AF5DAB0EFD50},25002,8.0021728,
346,2020-12-11 8:00:00,2245161,104956,5100,1095,1151,2490,4779,10796,14946,14155,8662,4056,2863,106,25291,53809,50787,360,19302,{3BEF1456-15B9-45FF-B701-8B35051BBC05},27599,7.83174529,
347,2020-12-12 8:00:00,2270435,107372,5139,1106,1162,2416,4918,11055,15287,14458,8882,4139,2954,108,25796,55001,51924,447,19775,{86332ADD-AB9D-4DEC-BB53-2354A1949C89},25274,7.9639369,
348,2020-12-13 8:00:00,2291737,109578,5180,1113,1162,2206,5048,11286,15593,14793,9087,4227,3023,109,26208,56095,53003,480,20204,{AC36211C-834F-4CBF-ABF5-7E77EFC1BB8D},21302,8.1939162,
349,2020-12-14 8:00:00,2315222,111441,5212,1118,1194,1863,5147,11501,15886,15021,9229,4289,3059,107,26650,57025,53927,489,20552,{7781E4B9-BABF-4FD5-BD04-5238466CEF14},23485,8.1417986,
350,2020-12-15 8:00:00,2344699,114248,5251,1123,1217,2807,5306,11747,16323,15402,9494,4394,3157,106,27207,58448,55288,512,21112,{75DBAC5D-CB64-4D10-AAE6-651312BAEAE7},29477,8.4137006,
351,2020-12-16 8:00:00,2373395,116852,5294,1131,1239,2604,5444,12012,16698,15753,9771,4531,3247,107,27716,59766,56566,520,21573,{3D5E078B-9EA0-4DE8-8C78-293EE7ABB747},28696,8.67487168,
352,2020-12-17 8:00:00,2404746,120463,5340,1141,1253,3611,5654,12399,17241,16226,10104,4701,3373,113,28453,61627,58264,572,22199,{B02FF839-5465-4930-B6B9-906047C89D49},31351,8.9654042,
353,2020-12-18 8:00:00,2438996,122972,5378,1148,1280,2509,5779,12662,17634,16568,10339,4795,3442,115,28998,62886,59500,586,22640,{1BC9DC68-733A-46E1-BEA8-9169114D865C},34250,8.78097275,
354,2020-12-19 8:00:00,2462893,126465,5425,1148,1280,3493,5999,13041,18133,17015,10686,4943,3541,116,29666,64632,61223,610,23325,{73080E7C-F9BC-41A5-81CB-26E34DF3DE14},23897,9.3418178,
355,2020-12-20 8:00:00,2491276,129717,5457,1149,1283,3252,6167,13398,18652,17516,10961,5055,3602,116,30348,66315,62772,630,23903,{05055554-44BA-4732-B2DC-AB1A5901881B},28383,9.4974485,
356,2020-12-21 8:00:00,2515307,132098,5492,1155,1311,2381,6285,13647,18976,17889,11176,5162,3682,115,30861,67560,63907,631,24305,{AD1C1ABD-70A3-4EE3-9218-967B62885A39},24031,9.7331761,
357,2020-12-22 8:00:00,2546343,134696,5524,1160,1350,2598,6429,13889,19370,18332,11430,5281,3768,117,31342,68908,65135,653,24748,{AA84F510-AA45-45E0-8981-3D1041BF99B8},31036,9.7091718,
358,2020-12-23 8:00:00,2576388,136955,5563,1168,1382,2259,6576,14125,19701,18604,11648,5389,3860,119,31788,70047,66240,668,25145,{2AC5FA72-6673-43B1-9B72-ECBDCFD30757},30045,9.7324843,
359,2020-12-24 8:00:00,2605559,139961,5590,1178,1402,3006,6751,14428,20182,19017,11925,5532,3954,121,32414,71501,67775,685,25637,{BB9EC447-D214-420F-8B97-27DAC9AB8BB0},29171,9.66373451,
360,2020-12-25 8:00:00,2626239,142647,5625,1180,1402,2686,6893,14691,20593,19395,12176,5663,4066,121,32924,72897,69032,718,26135,{B072A360-D080-4FA8-B54C-8B63F7A88A1B},20680,9.89062606,
361,2020-12-26 8:00:00,2637983,145779,5675,1187,1402,3132,7056,15021,21045,19824,12499,5782,4190,122,33532,74437,70598,744,26708,{F692AB59-3F8A-4296-8EF5-57F89827A85B},11744,10.4495195,
362,2020-12-27 8:00:00,2656955,147530,5473,1201,1404,1751,7153,15229,21302,20071,12655,5878,4248,123,33883,75389,71387,754,26988,{34516AF4-1CE0-40D6-BD63-067E85AD79E3},18972,10.3916017,
363,2020-12-28 8:00:00,2673899,150064,5787,1212,1435,2534,7300,15540,21697,20435,12853,5981,4333,124,34375,76688,72619,757,27426,{FFF9D827-0ECB-47C0-A3C8-63CEA66DFA35},16944,10.76818418,
364,2020-12-29 8:00:00,2697856,152512,5826,1213,1472,2448,7409,15818,22048,20754,13061,6101,4425,127,34927,77973,73778,761,27842,{ED821C5A-6239-46B9-BEC8-30939F79AF1D},23957,10.83484116,
365,2020-12-30 8:00:00,2726039,155595,5869,1216,1534,3083,7592,16168,22518,21145,13320,6224,4491,127,35631,79562,75266,767,28379,{34F12137-A69C-498B-B147-965623CB28B9},28183,10.9864339,
366,2020-12-31 8:00:00,2757641,160073,5914,1219,1592,4478,7812,16682,23181,21764,13721,6403,4616,132,36572,81940,77324,809,29190,{B721BE57-014A-4F59-A12D-48A14F8E0163},31602,11.2243018,
367,2021-01-01 8:00:00,2780950,164500,5938,1219,1592,4427,8070,17178,23831,22356,14138,6601,4743,132,37468,84278,79324,898,29983,{BB317C17-13B5-4809-B88E-56C1FDA48147},23309,12.1443235,
368,2021-01-02 8:00:00,2795369,168020,5984,1228,1592,3520,8250,17549,24349,22843,14470,6750,4876,132,38191,86120,80947,953,30610,{58BF2B9E-708A-4EDC-BCB6-4816FF96D511},14409,12.1443235,
369,2021-01-02 8:00:00,2795369,168020,5984,1228,1592,3520,8250,17549,24349,22843,14470,6750,4876,132,38191,86120,80947,953,30610,{7835D553-2085-4086-8E2C-0E0E1BF5EE43},14409,12.1443235,
370,2021-01-02 8:00:00,2795369,168020,5984,1228,1592,3520,8250,17549,24349,22843,14470,6750,4876,132,38191,86120,80947,953,30610,{6F0CC9E1-2C6F-41D5-8428-65548E2FE834},14409,12.49864651,
371,2021-01-03 8:00:00,2813081,171033,6031,1237,1598,3013,8436,17883,24798,23245,14780,6900,4960,132,38782,87770,82301,962,31117,{7822E011-F7B1-45AD-993B-006AB87EB6F4},17712,12.838831,
372,2021-01-04 8:00:00,2832863,172847,6093,1247,1654,1814,8548,18121,25063,23504,14914,6960,5001,135,39176,88688,83191,135,31425,{1158897B-FD9B-4E27-B580-06F4C3AEA0E7},19182,12.8563586,
373,2021-01-05 8:00:00,2858583,176662,6116,1253,1691,3815,8794,18592,25610,24004,15238,7113,5115,134,39975,90656,85014,992,32067,{56922E42-9965-40F1-84C7-FF344EC661EF},26320,13.4403023,
374,2021-01-06 8:00:00,2892074,180512,6142,1261,1738,3850,9021,19065,26162,24540,15527,7251,5203,136,40855,92664,86835,1013,32752,{10BED460-C8DB-4087-9B96-BB66380EF512},33491,13.797571,
375,2021-01-07 8:00:00,2921026,185062,6177,1268,1771,4550,9229,19522,26762,25171,15998,7503,5409,139,41808,95061,88960,1041,33521,{626F5A8C-B464-4F06-9400-103D62B5C617},28952,14.29658252,
376,2021-01-08 8:00:00,2949391,188600,6206,1267,1824,3538,9428,19920,27249,25633,16327,7678,5552,144,42566,96929,90606,1065,34103,{A0A4DE60-80CD-4E30-A29F-8F4E9A9130CA},28365,14.2202431,
377,2021-01-09 8:00:00,2949391,191888,6238,1271,1857,3288,9617,20277,27708,26060,16643,7829,5683,147,43262,98608,92169,1111,34662,{057C3DDF-8096-412E-8FB7-FE69D4407B8B},28365,13.4586701,
378,2021-01-10 8:00:00,3006462,194795,6284,1273,1857,2907,9782,20647,28115,26435,16892,7924,5759,148,43935,100171,93496,1128,35158,{92F2BBB5-E51F-4C85-B058-141FC4E46C52},25882,13.5233343,
379,2021-01-11 8:00:00,3006462,198319,6313,1273,1898,3524,9971,21094,28617,26922,17190,8096,5866,150,44660,102028,95127,1164,35753,{DB828C41-1448-43A1-AE38-72DEB579CCD6},25882,13.7603399,
380,2021-01-11 8:00:00,3024581,198319,6313,1273,1898,3524,9971,21094,28617,26922,17190,8096,5866,150,44660,102028,95127,1164,35753,{1984FB64-2D61-42E8-B89F-2D40ABA368C7},18119,13.7603399,
381,2021-01-12 8:00:00,3039217,201580,6475,1275,1952,3261,10176,21503,29043,27363,17486,8241,5990,152,45324,103723,96648,1209,36302,{B71655ED-16AC-465B-BD0F-A152109DCF76},14636,14.3742255,
382,2021-01-13 8:00:00,3082095,204175,6809,1280,2005,2595,10380,21791,29383,27714,17719,8357,6075,156,45855,105042,97908,1225,36745,{A04E66B9-D3D9-49B0-BB7F-6A643568DCEF},42878,13.64392118,
383,2021-01-15 8:00:00,3140421,209897,7295,1294,2065,3027,10732,22467,30207,28500,18224,8628,6326,163,47041,108003,100626,1268,37609,{913DE8DB-2AD9-4C45-829C-CD707D049D65},27475,12.6288351,
384,2021-01-16 8:00:00,3165263,211787,7399,1297,2103,1890,10865,22665,30462,28764,18406,8703,6396,166,47442,108938,101531,1318,37918,{4C3B6C18-C7BD-4548-99B7-ABD45CCBAAC9},24842,11.8323087,
385,2021-01-14 8:00:00,3112946,206870,7146,1288,2037,2695,10540,22138,29750,28088,17970,8496,6205,159,46386,106449,99173,1248,37138,{D32BD3C6-723C-4747-A9BA-5D5FB9BAC35D},30851,13.1709376,
386,2021-01-18 8:00:00,3194911,216835,8484,1314,2109,2498,11196,23330,31185,29469,18828,8916,6548,166,48465,111521,103956,1358,38732,{E9567E92-0691-440A-A59A-838AEAEB3363},12675,12.1296684,
387,2021-01-19 8:00:00,3213270,218555,8583,1319,2174,1720,11279,23515,31431,29705,18970,8985,6625,165,48851,112404,104787,1364,39029,{77621E63-44C5-4213-BD33-65F713F0D867},18359,11.811259,
388,2021-01-20 8:00:00,3221905,219731,8605,1323,2222,1176,11352,23626,31581,29868,19106,9092,6703,166,49025,113012,105324,1395,39212,{0084389E-1217-4B04-9228-863678AD5FBE},8635,11.8906349,
389,2021-01-21 8:00:00,3271467,222578,8673,1329,2301,2847,11480,23923,32005,30263,19374,9221,6791,167,49657,114498,106655,1425,39697,{1B5DA2B5-2AE4-473D-B917-BF60B8F3D494},49562,10.7053684,
390,2021-01-17 8:00:00,3182236,214337,8174,1306,2103,2550,11053,23026,30815,29144,18618,8804,6463,166,47921,110257,102746,1334,38327,{D9320E20-5112-46D1-B17D-B839C19C33DF},16973,11.7305739,
391,2021-01-22 8:00:00,3298182,225558,8784,1343,2344,2980,11694,24273,32407,30695,19669,9373,6922,167,50228,116052,108080,1426,40130,{4BD821C9-BDB3-4E50-B9F8-C75F81721AEA},26715,10.5960303,
392,2021-01-23 8:00:00,3324104,227195,8841,1347,2375,1637,11828,24480,32622,30921,19810,9437,6974,165,50551,116888,108880,1427,40407,{4029AA25-73D2-4527-813D-BD1A1E784CF2},25922,10.2778845,
393,2021-01-24 8:00:00,3338677,228632,8875,1357,2375,1437,11920,24658,32825,31143,19943,9474,7032,166,50833,117615,109582,1435,40647,{5F8306CB-A005-4537-98E0-80AF7661289E},14573,10.1852716,
394,2021-01-25 8:00:00,3354311,230066,9594,1380,2421,1434,12015,24809,33033,31331,20097,9519,7085,167,51142,118320,110304,1442,40868,{1E12C9D3-6D78-4E81-A4EA-AE23252D12E7},15634,10.1852716,
395,2021-01-26 8:00:00,3370561,231481,9669,1387,2465,1415,12110,24971,33214,31523,20218,9578,7133,168,51458,119022,111009,1450,41108,{4C060FF8-F5F3-4DE7-9BEE-5A8E38249153},16250,9.02415616,
396,2021-01-27 8:00:00,3392793,232970,9725,1395,2534,1489,12196,25165,33417,31726,20363,9638,7184,165,51796,119799,111713,1458,41320,{F7709703-30DD-4749-9A04-EE9CDC0CA22F},22162,9.02415616,
397,2021-01-28 8:00:00,3421318,234640,9785,1401,2571,1670,12305,25338,33618,31965,20538,9724,7260,166,52126,120607,112560,1473,41600,{ABEA695D-54C5-40B5-A3D6-456543BA2C52},28595,9.00535716,
398,2021-01-29 8:00:00,3445175,236768,9834,1410,2603,2128,12440,25582,33903,32232,20719,9816,7311,171,52640,121661,113622,1485,41954,{AE490175-CB6E-47AB-85C4-A31FB869F7D2},23857,8.8172756,
399,2021-01-30 8:00:00,3464165,238042,9875,1414,2619,1274,12509,25729,34066,32374,20846,9883,7390,170,52884,122274,114215,1553,42191,{0E1CD696-B630-4157-8CE1-B94597B969BD},18990,9.02415616,
400,2021-01-31 8:00:00,3475192,239142,10217,1460,2619,1082,12590,25870,34197,32515,20940,9930,7429,170,53095,122832,114756,1536,42388,{E8DA1EF0-9943-4A87-958D-843ADFE8ECC4},11027,8.4609976,
401,2021-02-01 8:00:00,3485147,240050,10255,1464,2629,926,12657,25977,34320,32635,21030,9972,7560,74,53284,123309,115209,1532,42541,{678705B0-7DFF-4FDA-8C78-41F0E2099C44},9955,7.9986632,
402,2021-02-02 8:00:00,3504941,241018,10382,1468,2683,968,12722,26110,34457,32761,21127,10016,7494,172,53459,123841,115641,1536,42700,{623173F2-D2A1-4EF9-848D-79E978FB693F},19794,7.70148557,
403,2021-02-03 8:00:00,3526535,242616,10459,1477,2738,1598,12837,26321,34684,32975,21269,10081,7544,173,53754,124608,116380,1628,42978,{5D96DE0F-2872-4127-BAFA-8E3FB12CD058},21594,7.51239208,
404,2021-02-04 8:00:00,3549794,244069,10517,1488,2777,1453,12946,26500,34886,33145,21402,10154,7617,175,54042,125351,117051,1667,43202,{C4DD643B-4B0F-4624-A001-5652A8662A75},23259,7.72149306,
405,2021-02-05 8:00:00,3574073,245334,10601,1497,2812,1265,13039,26666,35038,33318,21520,10208,7658,178,54287,125983,117651,1700,43422,{942663C1-001B-42AB-A137-FB2288781561},24279,7.1680483,
406,2021-02-06 8:00:00,3593992,246564,10639,1501,2821,1230,13132,26819,35199,33490,21639,10274,7697,180,54530,126572,118248,1744,43604,{23263030-1248-41E9-956E-C5C99EC1CDF9},19919,7.1766807,
409,2021-02-07 8:00:00,3604515,247462,10765,1511,2821,698,13170,26902,35285,33597,21713,10302,7737,182,54656,126935,118547,1780,43718,{96355C97-399A-4B50-BDAC-4CAD1D2A54C3},10523,7.008027,
410,2021-02-08 8:00:00,3616885,248051,10868,1520,2853,789,13225,26990,35390,33700,21790,10334,7764,182,54809,127360,118916,1775,43867,{0C2CFC02-7EF6-49C0-A4EF-207B89B13E0A},12370,6.8494977,
411,2021-02-09 8:00:00,3636346,248861,11011,1529,2904,810,13289,27081,35501,33822,21863,10371,7789,183,54951,127748,119319,1794,44011,{045EC8F3-E23E-44AA-9FB5-39A38BF5C776},19461,6.53912,
412,2021-02-10 8:00:00,3657702,249974,11193,1532,2955,1113,13360,27225,35648,33973,21960,10418,7830,186,55172,128310,119832,1832,44202,{76C8896D-D5BC-4956-9366-4689A9AB640B},21356,6.4171123,
413,2021-02-11 8:00:00,3678235,250791,11372,1539,2979,817,13409,27328,35780,34076,22012,10445,7860,184,55330,128707,120219,1865,44367,{3050E4F9-C166-42CA-94CA-859991F43E63},20533,6.28646605,
414,2021-02-12 8:00:00,3678235,251682,11444,1538,3009,891,13474,27464,35886,34184,22094,10486,7893,184,55498,129126,120681,1875,44519,{77003351-1AEB-4F09-ABCC-5473AC8671E9},20533,5.9351409,
415,2021-02-13 8:00:00,3710158,252250,11471,1542,3037,568,13505,27534,35969,34249,22146,10516,7927,185,55621,129408,120956,1886,44598,{46B92E7F-DE2E-4936-BE53-80DC50D12DBC},13700,5.775774,
416,2021-02-15 8:00:00,3729385,253641,12162,1555,3042,698,13587,27717,36154,34438,22289,10571,7961,185,55906,130072,121648,1921,44833,{208712C6-84D5-45C7-9566-F6A977936758},9125,5.775774,
417,2021-02-14 8:00:00,3720260,252943,12144,1550,3037,693,13552,27615,36060,34352,22220,10551,7939,183,55758,129746,121294,1903,44713,{0E2E73A6-43F3-47D1-8769-3C19F78E65B7},10102,5.6388431,
418,2021-02-16 8:00:00,3729385,254180,12286,1556,3099,539,13617,27799,36234,34504,22338,10587,7970,188,56023,130339,121915,1926,44920,{7E172213-D840-4E57-B90C-DF7E8C244530},9125,5.5252608,
419,2021-02-17 8:00:00,3763001,254990,12381,1554,3135,810,13671,27891,36342,34609,22401,10625,7999,190,56183,130735,122305,1950,45079,{12BA6058-6976-4324-ACD8-06E4E0CC8880},19845,5.5252608,
420,2021-02-18 8:00:00,3777823,255802,12467,1552,3169,812,13715,27986,36463,34707,22480,10654,8024,190,56362,13134,122700,1968,45221,{8617FAA9-FE4A-4AF6-A983-2B2AF40548C6},14822,5.14539817,
421,2021-02-19 8:00:00,3777823,256513,12492,1557,3188,711,13774,28065,36556,43805,22554,10689,8043,191,56515,131506,123008,1999,45321,{8F30B72B-BDA5-4B04-806D-976F78147AEB},14822,4.9078817,
422,2021-02-20 8:00:00,3809784,257030,12509,1563,3190,517,13810,28128,36627,34865,22597,10715,8051,192,56649,131760,123246,2024,45396,{40DF0B85-E3A0-430C-B926-3B3C9AEF429B},13767,4.8500408,
423,2021-02-21 8:00:00,3819590,257351,12968,1577,3189,321,13825,28167,36680,34912,22625,10720,8057,192,56722,131910,123425,2016,45451,{75DA454B-ADF3-46DD-91B1-83FABA9610DB},9806,4.8500408,
424,2021-02-22 8:00:00,3830490,257805,13040,1578,3218,454,13854,28226,36745,34953,22678,10740,8067,193,56831,132143,123647,2015,45518,{A5FAECE0-32E7-41B7-B6F6-18660889A8CF},10900,4.56637251,
425,2021-02-22 8:00:00,3830490,257805,13040,1578,3218,454,13854,28226,36745,34953,22678,10740,8067,193,56831,132143,123647,2015,45518,{622F9ED4-5ED1-4070-80E5-83A898B27CBD},10900,4.56637251,
426,2021-02-23 8:00:00,3845416,258463,13072,1575,3230,658,13883,28306,36833,35055,22745,10763,8088,191,56980,132463,123983,2017,45619,{76E7E89A-EF50-46AE-90E4-62B7791C5C75},14926,4.5927201,
427,2021-02-23 8:00:00,3845416,258463,13072,1575,3230,658,13883,28306,36833,35055,22745,10763,8088,191,56980,132463,123983,2017,45619,{5D0B8EAC-D117-40DB-81A1-6AB532BB3E8E},14926,4.5927201,
428,2021-02-24 8:00:00,3864246,258982,13095,1580,3260,519,13917,28365,36910,35111,22785,10796,8102,191,57111,132709,124245,2028,45694,{80C9C09F-14A7-4194-BAE9-497A07A313DD},18830,4.36129832,
430,2021-02-25 8:00:00,3864246,3880233,13107,1580,3271,662,13961,28446,37011,35185,22831,10815,8121,191,57284,133025,124574,2045,45799,{5CA01FA6-AED7-40CF-93C0-AC6D398CBF32},15987,4.38271666,
431,2021-02-26 8:00:00,3893517,260094,13120,1581,3284,450,13984,28498,37076,35241,22865,10832,8129,191,57411,133229,124811,2054,45867,{7137BEEB-1AAB-4A45-A1D2-616B40B4601D},13284,4.26877,
432,2021-02-27 8:00:00,3907336,260356,13122,1580,3303,262,14009,28547,37099,35272,22880,10837,8137,192,57474,133369,124939,2048,45909,{D96C12CC-0BD9-4C03-89D3-5CCDA3E2AE92},13819,4.1110063,
433,2021-02-28 8:00:00,3914516,260625,13123,1595,3303,269,14015,28581,37135,35303,22915,10841,8137,191,57547,133499,125081,2045,45960,{6F46FEA3-931C-4E05-8C72-58969C532D27},7180,3.9545754,
434,2021-02-26 8:00:00,3923819,261001,13162,1598,3317,376,14035,28628,37182,35358,22941,10854,8150,190,57635,133681,125278,2042,46028,{D481C6E2-A989-4F11-A2F6-C6CABAD18852},9303,0.03785346,
435,2021-03-01 8:00:00,3923819,261001,13162,1598,3317,376,14035,28628,37182,35358,22941,10854,8150,190,57635,133681,125278,2042,46028,{5D32E2AA-04D6-4140-B6D9-CD28EE8876E2},9303,0.03785346,
436,2021-03-02 8:00:00,3937112,261353,13179,1599,3342,353,14062,28648,37228,35395,22967,10872,8166,191,57701,133858,125449,2046,46087,{F19AE5BB-1FD8-4DE1-B892-09DCD0407BEC},13293,0.03698262,
437,2021-03-03 8:00:00,3954875,261861,13215,1603,3359,508,14099,28747,37300,35465,22997,10896,8186,192,57802,134126,125682,2053,46177,{F99B99C4-6034-4223-BED2-11E9C1AB3756},17763,0.03580996,
438,2021-03-04 8:00:00,3968627,262360,13224,1606,3371,499,14123,28809,37380,35535,23029,10928,8196,193,57911,134340,125963,2057,46256,{DBD88F73-E27A-47E9-8663-283FAA3F559D},13752,3.43703486,
439,2021-03-05 8:00:00,3981573,262781,13236,1608,3385,421,14148,28863,37434,35577,23064,10944,8210,193,58012,134547,126173,2061,46336,{EAA1F160-70C6-4693-8CB6-C0C7272CC8D3},12942,3.37795598,
441,2021-03-06 8:00:00,3994591,262968,13240,1607,3390,187,14167,28887,37468,35607,23077,10950,8214,193,58043,134652,126259,2057,46362,{BCA53F63-4E9E-4547-A724-3EFCC37CC6E6},13018,3.2130818,
442,2021-03-07 8:00:00,3994591,263275,13259,1613,3390,307,14190,28921,37524,35645,23098,10957,8212,193,58113,134799,126421,2055,46422,{5789CE35-9910-4E44-826E-FBBE4F76428C},13018,3.20613083,
443,2021-03-08 8:00:00,4016127,263748,13282,1615,3405,421,14208,28961,37574,35726,23135,10970,8224,194,58246,134993,126647,2108,46510,{9C8C34AB-609C-495C-871A-823D5A55A21D},11766,3.2014092,
444,2021-03-09 8:00:00,4029513,264097,13282,1614,3413,349,14229,28994,37624,35766,23158,10978,8229,194,58343,135154,126840,2103,46582,{77A5B8D9-F30C-4181-A7E0-4421DE426A02},13386,3.0603432,
448,2021-03-10 8:00:00,4045717,264527,13306,1618,3422,430,14248,29036,37693,35802,23199,11005,8235,194,58442,135370,127054,2103,46673,{0C9D1088-F050-48FA-A820-5C6CB16CC294},16204,3.05558464,
449,2021-03-11 8:00:00,4058624,264889,13327,1621,3434,430,14263,29078,37753,35848,23277,11020,8241,193,58529,135552,127233,2104,46737,{AB77ADE3-7FA2-4A6E-9CAE-3F0A3F00E853},12907,2.94017075,
450,2021-03-12 8:00:00,4070057,265273,13334,1622,3444,430,14285,29129,37806,35907,23258,11039,8245,193,58616,135738,127430,2105,46795,{3935C8F8-61AA-494D-ABEA-A482A54DC7B9},11433,2.9336128,
451,2021-03-13 8:00:00,4080406,265471,13342,1626,3452,198,14294,29150,37844,35922,23267,11052,8244,192,58663,135845,127521,2105,46843,{20FAB055-33CE-4FA8-A722-B7D9DF4A60F0},10349,2.955452,
452,2021-03-14 8:00:00,4089065,265649,13343,1627,3452,178,14303,29166,37866,35945,23288,11062,8243,192,58698,135928,127621,2100,46886,{7E58DD3B-79E9-41EC-99CA-B343B231D317},8659,2.955452,
453,2021-03-15 8:00:00,4097855,265906,13365,1627,3462,257,14313,29203,37905,35980,23312,11070,8251,192,58745,136055,127750,2101,46935,{F3EACE81-1799-436A-9AD4-A98168441461},8790,2.8183824,
454,2021-03-16 8:00:00,4111091,266317,13371,1626,3470,411,14336,29239,37967,36018,23341,11079,8262,193,58850,136227,127985,2105,47032,{91AE0E77-BD3B-418D-B40B-B7C47671787C},13236,2.8532179,
455,2021-03-17 8:00:00,4127020,266756,13371,1626,3478,439,14365,29301,38023,36076,23371,11094,8261,193,58958,136444,128217,2095,47114,{8EECD068-A403-48FB-B319-3D6D8DFAA523},15929,2.84353307,
456,2021-03-18 8:00:00,4138812,267177,13411,1628,3491,421,14386,29360,38074,36137,23403,11101,8273,195,59051,136648,128453,2076,47197,{CE3E113D-8485-4130-B818-8F4C58CC47B4},11792,2.84353307,
457,2021-03-19 8:00:00,4152059,267536,13441,1630,3492,359,14404,29410,38124,36188,23428,11111,8273,197,59156,136811,128648,2077,47245,{05A48BC2-1106-4833-9161-B5E30DF37D19},13247,2.7890853,
458,2021-03-20 8:00:00,4161844,267728,13447,1630,3494,192,14417,29433,38145,36214,23446,11121,8277,196,59199,136910,128739,2079,47280,{43C85BC3-C4A1-4BE4-B91E-7D5ECFD84ACD},9785,2.8459878,
459,2021-03-21 8:00:00,4166772,267917,13943,1628,3494,189,14430,29459,38162,36233,23464,11121,8280,195,59249,137027,128814,2076,47324,{FBB09387-DEEC-4520-B3A0-BFB307CA41A3},4928,2.8581808,
460,2021-03-22 8:00:00,4178228,268160,13969,1628,3498,243,14444,29492,38191,36268,23479,11127,8277,194,59308,137133,128951,2076,47380,{9C4ADE42-14AF-4528-9CBA-4C387DB95474},11456,2.72175989,
461,2021-03-23 8:00:00,4189510,268417,14017,1630,3509,257,14455,29516,38214,36301,23491,11127,8287,191,59394,137251,129090,2076,47441,{BFC54379-C61F-4BDD-8ECA-C1EEA922D2BE},11282,2.7000506,
462,2021-03-24 8:00:00,4207106,268627,14023,1630,3520,210,14460,29538,38247,36316,23491,11130,8283,191,59483,137347,129210,2070,47488,{B71CA6A8-8EFD-45E2-A03F-40080C00704D},17596,2.7000506,
463,2021-03-25 8:00:00,4220782,269049,14762,1636,3525,422,14492,29592,38295,36346,23516,11137,8285,192,59632,137515,129466,2068,47562,{992445E1-982B-4A0C-BDF3-28DBEA4583EF},13676,2.56539918,
464,2021-03-27 8:00:00,4246035,269840,14783,1640,3547,205,14525,29658,38340,36396,23540,11147,8291,191,59751,137715,129615,2070,47641,{6CC499E9-DBCF-4EA4-A776-9A7F631548BB},13316,2.4204698,
465,2021-03-28 8:00:00,4252711,269770,14827,1642,3547,290,14538,29715,38376,36427,23557,11151,8294,190,59825,137863,129828,2079,47697,{DD231F38-E8E3-4B07-A0C2-C039B0A92A7C},6676,2.51824059,
466,2021-03-29 8:00:00,4261677,269997,14835,1641,3555,227,14546,29738,38420,36455,23570,11155,8299,189,59886,137964,129955,2078,47739,{C640E618-6C1A-44E0-AB65-EA6C147BF063},8966,2.4972226,
467,2021-03-30 8:00:00,4273404,270287,14843,1640,3555,290,14560,29781,38455,36484,23587,11159,8304,192,59971,138102,130105,2080,47794,{EA41D912-0BA3-4CF6-A0E1-3237C820B955},11727,2.4972226,
468,2021-03-31 8:00:00,4289845,270539,14855,1642,3555,252,14578,29807,38486,36513,23597,11163,8307,190,60060,138217,130244,2078,47838,{44669049-3DFA-4DFE-8F05-00B9C30AD41E},16441,2.32335329,
469,2021-04-01 8:00:00,4308280,271035,14855,1651,3568,496,14600,29881,38549,36549,23617,11169,8311,188,60230,138444,130521,2070,47941,{ACBC7133-1873-4D8B-A535-C366CB0E50D7},18435,2.27653598,
470,2021-04-02 8:00:00,4319587,271334,14884,1653,3571,299,14624,29916,38591,36570,23637,11177,8313,188,60324,138585,130676,2073,47994,{BD59F718-7D75-4FC5-A7A4-4572446ECEC6},11307,2.26708371,
471,2021-04-03 8:00:00,4332747,271527,14888,1654,3583,193,14634,29934,38625,36593,23655,11177,8318,189,60380,138691,130670,2076,48022,{3ADCBF78-495B-4D10-8D44-88C00AC6B34C},13160,2.22289837,
472,2021-04-04 8:00:00,4338264,271654,14901,1657,3583,127,14640,29948,38641,36608,23658,11181,8317,190,60412,138738,130883,2033,48059,{9BF6E5A1-39EC-4E27-9D6D-143B81A97294},5517,2.17911039,
473,2021-04-05 8:00:00,4345259,271866,14902,1659,3585,212,14645,29981,38668,36630,23669,11183,8319,192,60471,138823,131005,2038,48108,{42F84788-23D4-4F52-B98C-0679D2E0A8DF},6995,2.2187498,
474,2021-04-06 8:00:00,4359581,272194,14938,1660,3588,328,14657,30025,38711,36669,23685,11187,8332,191,60568,138961,131192,2041,48169,{E5FF9F3B-EA52-4B33-925F-ABEE323DC898},14322,2.2208372,
475,2021-04-07 8:00:00,4376177,272494,14951,1660,3592,300,14684,30072,38748,36690,23695,11191,8332,190,60659,139098,131350,2046,48233,{3C68A59F-423B-43FD-A96B-38711C593A5A},16596,2.28720478,
476,2021-04-08 8:00:00,4393371,272696,14952,1664,3600,202,14700,30099,38771,36719,23708,11190,8332,185,60714,139212,131449,2035,48278,{38A9D37B-5CBE-458D-9818-F0CEBF3BD0C2},17194,2.11311265,
477,2021-04-09 8:00:00,4421171,273057,14980,1662,3613,361,14717,30141,38819,36756,23732,11192,8333,185,60835,139375,131651,2031,48347,{3BEE8E25-7081-4BEC-8BD6-C25D53E5296E},27800,2.0068771,
478,2021-04-10 8:00:00,4431499,273286,14981,1661,3621,229,14736,30177,38843,36781,23785,11196,8336,186,60890,139519,131735,2032,48396,{B97D3834-3AF0-4374-A6CA-C539F3D22F56},10328,2.0521503,
479,2021-04-11 8:00:00,4438866,273430,14995,1664,3621,144,14755,30201,38862,36793,23753,11197,8339,185,60917,139599,131833,1998,48428,{E01D08E3-7DCB-4563-9909-8D43DD55F6FD},7367,1.96610351,
480,2021-04-12 8:00:00,4451270,273708,15024,1665,3623,278,14772,30246,38899,36812,23763,11201,8334,185,60998,139733,131973,2002,48488,{4AA7D51B-2DA4-4362-B88C-8AD0DB83D7CF},12404,1.9573507,
481,2021-04-13 8:00:00,4467567,273968,15033,1666,3648,260,14793,30274,38936,36840,23776,11202,8346,184,61056,139846,132117,2005,48561,{AAFD4533-6DF7-419F-AD41-F03577F47B1E},16297,1.89582979,
482,2021-04-14 8:00:00,4485509,274249,15047,1667,3653,281,14810,30303,38977,36876,23789,11208,8347,184,61131,139983,132264,2002,48624,{993B0A03-919F-4FD4-800C-E2010434256D},17942,1.89610761,
483,2021-04-15 8:00:00,4503547,274566,15104,1673,3662,317,14842,30345,39011,36899,23803,11215,8352,179,61223,140153,132424,1989,48697,{BA430255-8ED3-4295-940C-79F9442787F8},18038,1.80829326,
484,2021-04-16 8:00:00,4515761,274811,15128,1675,3674,245,14868,30369,39040,36922,23815,11220,8357,178,61298,140286,132534,1991,48744,{A752265F-D48E-4B53-8427-444D23A9877F},12214,1.77240613,
485,2021-04-17 8:00:00,4525995,274960,15139,1676,3673,149,14881,30382,39062,36942,23821,11227,8359,178,61337,140358,132613,1989,48771,{B8201AA7-E613-4BFF-99BA-B4F0E9D11E46},10234,1.77647375,
486,2021-04-18 8:00:00,4532977,275112,15144,1676,3674,152,14891,30410,39082,36960,23829,11227,8359,180,61370,140437,132691,1984,48804,{DB159C2C-D96D-4B5C-A0DC-121D00AC4C8A},6982,1.77594716,
487,2021-04-19 8:00:00,4540724,275368,15171,1676,3674,256,14902,30432,39128,36944,23846,11232,8360,179,61429,140569,132816,1983,48866,{7D61D8BA-B1D4-4658-A436-20F2254E1203},7747,1.791625,
488,2021-04-20 8:00:00,4557671,275631,15186,1676,3681,263,14917,30464,39164,37020,23854,11233,8367,178,61505,140678,132970,1983,48929,{9E7095EE-660C-499E-A149-703E8F95B546},16947,1.73506992,
489,2021-04-21 8:00:00,4575097,275912,15214,1678,3684,281,14941,30505,39196,37057,23875,11237,8370,177,61576,140792,133136,1984,48978,{B33BD6CD-F90F-45F0-947E-6483ECBBCBE2},17425,1.71828734,
490,2021-04-22 8:00:00,,274767,-144,-11,,-1145,-23,-98,-160,-171,-155,-79,-66,,-201,-560,-557,,-192,{B692AAE4-523D-4EE4-81AF-CE51A5B57853},,,adjustment
491,2021-04-22 8:00:00,4589804,275096,15137,1670,3684,329,14946,30448,39079,36923,23733,11168,8308,174,61472,140388,132763,1945,48845,{C12A42B8-10C5-46B7-B258-3122FCB79033},14708,1.8046866,
492,2021-04-23 8:00:00,4602601,275251,15160,1670,3688,155,14957,30475,39092,36933,23745,11174,8308,175,61514,140451,132852,1948,48878,{8AF89720-15CC-4391-8CB2-3BCF8F6DF3B8},12797,1.8403792,
494,2021-04-24 8:00:00,4615950,275411,15162,1670,3692,160,14968,30500,39121,36944,23760,11174,8312,175,61556,140529,132934,1948,48901,{03E9907F-0333-45DE-A83B-A067276ED710},13349,1.77282855,
495,2021-04-25 8:00:00,4623687,275540,15164,1673,3692,129,14982,30509,39137,36949,23768,11177,8313,174,61598,140585,133013,1942,48933,{241CC187-279B-496A-BA8C-51D8E7E47E36},7737,1.7611635,
496,2021-04-26 8:00:00,4630877,275684,15174,1673,3692,144,14991,30534,39161,36977,23776,11182,8314,173,61623,140644,133078,1942,48953,{CB3FDE44-E4BD-41CE-B4AC-24FB6181BCFD},7190,1.7376828,
497,2021-04-27 8:00:00,4653928,275820,15187,1673,3698,136,14996,30561,39189,36988,23784,11186,8315,173,61658,140731,133147,1942,48970,{E670970C-A804-4B6B-A71E-E713D571B29E},23051,1.60816909,
498,2021-04-28 8:00:00,4670695,275960,15195,1677,3700,140,15010,30593,39202,37003,23792,11193,8319,173,61688,140800,133219,1941,48987,{C8C74634-94DF-4050-9B31-A0E821D41E95},16767,1.5422332,
499,2021-04-29 8:00:00,4687592,276156,15231,1683,3702,196,15024,30624,39229,37025,23795,11197,8320,172,61735,140909,133309,1938,49035,{E5ED0450-B0E8-456F-A3C5-46BE7ECB8175},16897,1.4860496,
500,2021-04-30 8:00:00,4701579,276366,15239,1682,3706,210,15044,30656,39262,37047,23801,11205,8328,172,61779,141012,133415,1939,49072,{C9445CC2-F4B8-43E9-9A1F-086EFA07C731},13987,1.4530347,
501,2021-05-01 8:00:00,4710603,276520,15248,1682,3712,154,15057,30685,39286,37062,23811,11207,8329,172,61813,141078,133485,1957,49098,{DEFB1198-3674-45FA-9F3F-BA29CFC6FC55},9024,1.46526694,
502,2021-05-02 8:00:00,4717275,276692,15257,1683,3712,172,15063,30712,39315,37085,23824,11215,8328,172,61845,141175,133573,1944,49133,{2FEF183E-19A4-4F7C-816E-BFA895977DD4},6672,1.47858359,
503,2021-05-03 8:00:00,4723699,276878,15264,1684,3713,186,15075,30721,39331,37114,23835,11217,8332,172,61910,141175,133573,2130,49171,{86CC9253-307E-468E-9CC2-7DAFCCC86D9D},6424,1.4510179,
504,2021-05-04 8:00:00,4741062,277097,15264,1684,3713,219,15085,30751,39366,37138,23842,11219,8337,172,61988,141354,133798,1945,49199,{4406C125-8E88-4D99-B0FD-F013B6DEEA3E},17363,1.42373399,
506,2021-05-05 8:00:00,4756474,277323,15283,1685,3716,226,15113,30776,39391,37158,23850,11226,8341,172,62050,141454,133919,1950,49246,{AAC29EDC-7DA0-4CA3-AFAC-C9F391AB5B4A},15412,1.4092117,
507,2021-05-06 8:00:00,4771338,277533,15293,1687,3718,210,15127,30804,39423,37176,23860,11227,8344,171,62110,141557,134030,1946,49291,{EE2B9EE6-7DAB-4189-A101-DD873FACE6D6},14864,1.3424482,
508,2021-05-07 8:00:00,4782603,277759,15313,1691,3725,226,15144,30837,39459,37194,23870,11230,8347,171,62168,141658,134153,1948,49339,{287940DD-E772-47DD-B3D7-946F543ECDC0},11265,1.3933179,
509,2021-05-08 8:00:00,4791806,277949,15319,1691,3725,190,15157,30865,39490,37214,23881,11234,8349,171,62210,141759,134242,1948,49378,{E2202725-B162-4006-BE8A-34968280ECBC},9203,1.44322627,
510,2021-05-09 8:00:00,4797212,278182,15327,1691,3725,233,15168,30890,39526,37238,23903,11239,8354,171,62263,141862,134372,1948,49430,{D4A70CC0-4F8B-4450-8C36-44B568F52A39},5406,1.52254718,
511,2021-05-10 8:00:00,4807332,278307,15331,1692,3725,125,15169,30909,39543,37254,23914,11247,8355,171,62296,141919,134437,1951,49449,{5FBAA40A-E90F-4B43-B0BF-F53B6070FD1D},10120,1.486498,
512,2021-05-11 8:00:00,4820025,278401,15333,1691,3729,94,15177,30927,39553,37259,23918,11250,8355,171,62328,141964,134485,1952,49463,{169E0901-9E7B-4971-BB16-B8056013592F},12693,1.55391127,
514,2021-05-12 8:00:00,4835774,278591,15340,1690,3729,190,15196,30959,39573,37282,23929,11253,8360,171,62374,142068,134568,1955,49494,{AC226A77-775F-47EB-A647-AE9F4499D2CE},15749,1.5937824,
515,2021-05-13 8:00:00,4850532,278852,15342,1691,3732,261,15217,30997,39617,37304,23946,11267,8358,171,62441,142198,134694,1960,49534,{4F591BC6-32E6-4653-86D4-2A681D2F6BF4},14758,1.6545968,
516,2021-05-14 8:00:00,4863637,278990,15345,1692,3737,138,15231,31020,39635,37318,23951,11270,8361,171,62465,142266,134765,1959,49568,{CC9C27C6-D498-4281-836E-8C6D847D6BC6},13105,1.6191734,
517,2021-05-15 8:00:00,4872157,279098,15348,1693,3742,108,15238,31034,39650,37328,23961,11274,8363,171,62494,142319,134819,1960,49585,{DB6B1FE8-9391-4B8E-9279-2F5227739600},8520,1.59575126,
518,2021-05-16 8:00:00,4878607,279145,15351,1696,3742,47,15253,31043,39655,37326,23965,11276,8362,171,62502,142337,134848,1960,49592,{3E642A32-E3D9-4001-AD95-CF25ED88B0FB},6450,1.52046711,
519,2021-05-17 8:00:00,4886295,279253,15355,1696,3742,108,15266,31055,39669,37339,23972,11281,8364,171,62526,142398,134897,1958,49610,{106C952D-D3CA-4086-9075-6E30ADBEFF8D},7688,1.4606755,
520,2021-05-18 8:00:00,4898859,279344,15382,1698,3746,91,15279,31073,39676,37344,23975,11284,8365,171,62546,142453,134931,1960,49631,{2BE02EDB-023D-4B01-8AE9-68556E31C57A},12564,1.42398144,
521,2021-05-19 8:00:00,4913721,279489,15384,1700,3749,145,15289,31094,39694,37364,23984,11289,8366,171,62576,142530,134996,1963,49662,{FAA3EC1B-9B33-4854-93F8-93FE062A0475},14862,1.37745076,
523,2021-05-20 8:00:00,4926115,279553,15382,1700,3748,64,15303,31107,39695,37366,23985,11289,8372,171,62588,142575,135017,1961,49677,{EB9F619F-23DF-4F9C-B629-B870CCE2B8F3},12394,1.30510347,
524,2021-05-21 8:00:00,4939573,279613,15382,1700,3751,60,15324,31111,39699,37361,23986,11286,8368,171,62608,142597,135056,1960,49699,{97C4DB72-8D9D-4EAB-83B4-5781C94CCE43},13458,1.1811174,
525,2021-05-22 8:00:00,4946259,279689,15386,1699,3751,76,15328,31127,39708,37368,23991,11289,8368,171,62626,142639,135090,1960,49713,{EC8CA1D1-7FC1-43FE-8DD6-97D1CBDD1FB9},6686,1.12655629,
526,2021-05-23 8:00:00,4952244,279714,15382,1700,3749,25,15333,31138,39709,37365,23990,11288,8365,171,62630,142658,135096,1960,49725,{DE0205EE-C6DD-495B-9F6A-7E1847014EE4},5985,0.98818308,
527,2021-05-24 8:00:00,4960011,279785,15385,1702,3753,71,15337,31148,39715,37369,23989,11292,8368,171,62649,142701,135124,1960,49747,{70540E53-68FC-4AB3-9DD6-7F05D9E8F0C9},7767,0.9680441,
528,2021-05-25 8:00:00,4972307,279858,15387,1703,3755,73,15345,31162,39723,37380,23990,11294,8370,171,62664,142743,135155,1960,49759,{AD1442F3-8F77-473E-89EA-5AD5DF8463BA},12296,0.95677756,
529,2021-05-26 8:00:00,4985872,279959,15391,1703,3756,101,15360,31170,39732,37391,23998,11294,8373,171,62689,142790,135209,1960,49781,{B2E01E33-12EB-418B-BAB7-684B14B3E697},13565,0.91140455,
530,2021-05-27 8:00:00,4998516,280042,15397,1704,3756,83,15371,31182,39738,37404,24001,11297,8374,171,62709,142842,135243,1957,49795,{1B14BCBC-63D4-4DE1-9EFC-E9F101ED4615},12644,0.804141,
531,2021-05-28 8:00:00,5008709,280150,15402,1705,3756,108,15380,31192,39752,37420,24010,11299,8380,171,62738,142898,135296,1956,49808,{E39F512E-852A-49B8-8DED-514CFE9946FD},10193,0.799603,
533,2021-05-29 8:00:00,5015783,280208,15406,1706,3756,58,15387,31196,39759,37427,24013,11300,8380,171,62753,142926,135327,1955,49822,{303D22CF-2474-4D45-A452-739AFB87408D},7074,0.77284057,
534,2021-05-31 8:00:00,5026899,280304,15412,1706,3756,51,15398,31212,39765,37435,24018,11303,8378,171,62779,142972,135378,1954,49845,{785E00BE-1CB1-4F49-9F16-81AB152673CC},5233,0.7474894,
535,2021-05-30 8:00:00,5021666,280253,15409,1707,3756,45,15394,31203,39762,37431,24016,11301,8379,171,62760,142946,135352,1955,49836,{0B033256-FB73-4AD4-85D9-ABB503E1B50A},5883,0.7745056,
536,2021-06-01 8:00:00,5033204,280346,15412,1706,3760,42,15402,31218,39771,37436,24021,11304,8381,171,62787,142991,135401,19564,49855,{2F74B4F1-742B-41CB-907A-8560851116C8},6305,0.74584093,
538,2021-06-02 8:00:00,5046527,280429,15412,1707,3761,83,15415,31229,39776,37444,24024,11304,8383,170,62810,1423027,135448,1954,49874,{FDCD090C-13B4-4DBE-9C9A-8D5F9ED9C328},13323,0.70779935,
539,2021-06-03 8:00:00,5063964,280555,15434,1707,3763,126,15428,31255,39788,37456,24035,11314,8389,168,62828,143108,135500,1947,49894,{4EAB42C7-01CC-409C-88B1-AA318BE44F4B},17437,0.7268823,
540,2021-06-04 8:00:00,5074589,280675,15438,1709,3764,120,15439,31273,39807,37474,24044,11319,8389,168,62850,143166,135561,1948,49912,{6D895D91-9198-4020-BB3A-FD5065E39602},10625,0.7865734,
541,2021-06-05 8:00:00,5082967,280742,15441,1710,3764,67,15441,31279,39815,37480,24047,11322,8389,168,62876,143197,135597,1948,49925,{CD39C2AD-A118-48BD-8140-6225BFBFF046},8378,0.77025484,
542,2021-06-06 8:00:00,5088865,280807,15441,1711,3764,65,15443,31288,39824,37489,24048,11327,8393,168,62888,143225,135631,1951,49939,{2B9A7EEE-CA98-408A-83B7-1EB7C047E125},5898,0.80002342,
543,2021-06-07 8:00:00,5095536,280878,15447,1711,3764,71,15444,31298,39833,37495,24054,11327,8403,166,62907,143262,135670,1946,49951,{EE534376-32BB-473D-AF50-E84DE44DB084},6671,0.8064933,
544,2021-06-08 8:00:00,5106921,280940,15450,1711,3765,62,15448,31311,39836,37499,24060,11330,8404,166,62919,143294,135699,1947,49967,{44049496-F341-4911-B182-D72FE0A577A7},11385,0.8037797,
547,2021-06-09 8:00:00,5117664,281051,15456,1711,3766,111,15456,31327,39849,37514,24060,11333,8407,166,62958,143362,135740,1949,49981,{F53D40EB-8C6F-43DE-B1E3-DB2D7929551C},10743,0.82857836,
548,2021-06-10 8:00:00,5127809,281143,15460,1712,3768,92,15464,31336,39862,37517,24066,11336,8409,166,62994,143414,135780,1949,49993,{851D6280-6668-4DF4-B792-3CFAC1824E71},10145,0.8515542,
550,2021-06-11 8:00:00,5138443,281202,15461,1712,3770,59,15466,31342,39869,37519,24070,11338,8409,166,63021,143438,135816,1948,50002,{EB137DDF-9BCA-4F74-82D0-18B309D19E24},10634,0.81089,
551,2021-06-12 8:00:00,5146257,281267,15469,1712,3770,65,15469,31355,39875,37526,24073,11338,8410,166,63041,143464,135855,1948,50014,{7F7DC22C-BB69-41E7-AD3B-DF5A8DC56D2F},7814,0.81165596,
552,2021-06-13 8:00:00,5151848,281313,15467,1712,3770,46,15472,31359,39884,37535,24077,11339,8410,166,63053,143489,135875,1949,50018,{D100A292-1C8D-46C3-AAE9-B500097752A0},5591,0.81424467,
553,2021-06-14 8:00:00,5159453,281374,15476,1712,3770,61,15475,31364,39892,37544,24079,11340,8412,166,63069,143527,135898,1949,50033,{CA889815-980A-4776-874F-08B442CFDE44},7605,0.8072182,
554,2021-06-15 8:00:00,5168174,281422,15477,1712,3770,48,15482,31370,39904,37546,24079,11342,8414,166,63076,143548,135924,1950,50043,{EEB418B4-4FF5-48BE-AF93-3B6192D9D507},8721,0.79721419,
555,2021-06-16 8:00:00,5179329,281530,15487,1715,3771,108,15493,31379,39910,37560,24083,11348,8414,166,63116,143605,135975,1950,50061,{9EBFD576-D0D8-4A9A-9E11-0CDE772B40D4},11155,0.82905378,
556,2021-06-17 8:00:00,5188680,281607,15496,1717,3771,77,15498,31391,39925,37569,24084,11351,8414,166,63132,143642,136016,1949,50077,{7B708B84-82E3-4BF3-A091-2CF0E89DE139},9351,0.8435165,
558,2021-06-18 8:00:00,5196690,281681,15499,1717,3771,74,15507,31395,39939,37570,24088,11352,8414,166,63160,143674,136058,1949,50090,{09331258-9A86-416B-BE84-1637A1619DE0},8010,0.8239081,
559,2021-06-19 8:00:00,5203453,281749,15501,1717,3771,68,15510,31401,39949,37578,24092,11355,8415,166,63175,143708,136091,1950,50108,{8BF66052-9433-4AB5-8094-D268CA1722AC},6763,0.83578175,
560,2021-06-20 8:00:00,5209543,281810,15507,1717,3771,61,15513,31405,39956,37585,24096,11359,8416,166,63194,143736,136124,1950,50120,{A3A460E2-05A6-4BF4-AD31-40B39CD05227},6090,0.8311374,
562,2021-06-21 8:00:00,5215794,281866,15513,1717,3771,56,15515,31417,39961,37595,24100,11358,8416,166,63207,143763,136153,1950,50131,{83501FC2-6557-4790-9CB4-EBE41F93A8D0},6251,0.821567,
563,2021-06-22 8:00:00,5223738,281936,15515,1717,3777,70,15518,31431,39971,37603,24109,11359,8416,166,63221,143797,136189,1950,50142,{EE6A736A-7EB1-488B-8CC8-8D99917F5CAD},7944,0.85261563,
564,2021-06-23 8:00:00,5233245,282052,15516,1717,3778,116,15524,31454,39982,37618,24115,11362,8418,166,63251,143861,136240,1951,50162,{2D1BFA75-A08D-4C16-9F89-427292F6CF4E},9507,0.8660593,
565,2021-06-24 8:00:00,5241236,282156,15522,1717,3779,104,15527,31464,39997,37633,24121,11362,8419,165,63280,143909,136300,1947,50188,{43130A2B-1C3D-4604-8DF3-7AB569683252},7991,0.8930854,
566,2021-06-25 8:00:00,5248376,282262,15530,1717,3780,106,15541,31479,40005,37645,24127,11365,8422,165,63303,143954,136361,1947,50210,{B61940BA-DC9F-4E02-B4AA-092E9BCE894C},7132,0.9642237,
567,2021-06-26 8:00:00,5254876,282358,15537,1719,3780,96,15550,31487,40016,37664,24136,11369,8423,166,63321,143998,136412,1948,50226,{06453044-73DA-4B48-993F-81FFD226C5D4},6500,1.00428322,
568,2021-06-27 8:00:00,5260170,282416,15533,1720,3780,58,15557,31495,40026,37666,24137,11370,8422,166,63334,144042,136427,1947,50234,{FFD902FD-32BF-4FD4-A654-7155FD87D60B},5294,1.01826037,
569,2021-06-28 8:00:00,5265765,282498,15536,1721,3780,82,15561,31508,40036,37675,24142,11374,8423,166,63358,144074,136477,1947,50255,{A6E1AC77-7A65-4D4F-9102-6D710C7CAFD2},5595,1.057265,
570,2021-06-29 8:00:00,5272872,282582,15536,1721,3780,84,15572,31517,40040,37684,24148,11374,8426,165,63387,144122,136513,1947,50269,{E3119A25-7FD3-4C8E-B2BE-95A86181FD11},7107,1.10794858,
578,2021-07-06 8:00:00,5316152,283376,15577,1717,3782,99,15625,31594,40140,37774,24209,11402,8444,166,63588,144534,136892,1950,50434,{706AAAF7-2F8C-4CEC-A4DF-488F2ECFF458},3621,1.54738459,
579,2021-07-13 8:00:00,5366421,285268,15623,1710,3786,272,15752,31786,40367,37942,24317,11446,8461,163,64178,145460,137859,1949,50856,{D9443C3A-AEB2-478F-A51A-7E55EC84A06A},7097,2.86801569,
580,2021-07-20 8:00:00,5422365,288681,15700,1714,3787,521,16011,32186,40830,38242,24506,11531,8496,163,65164,147260,139463,1958,51552,{8A25E5E4-4FC2-4F90-BE07-6CBB62505376},7895,5.05022926,
581,2021-07-27 8:00:00,5492269,294176,15809,1726,3798,765,16507,32808,41584,38739,24825,11676,8568,163,66605,149957,142232,1987,52701,{0D95A494-D637-47E7-A921-330AD699F5FD},10090,7.14830589,
582,2021-08-03 8:00:00,5581620,301100,15913,1729,3805,908,17129,33661,42521,39367,25243,11861,8663,164,68333,153495,145558,2047,54158,{D1569CCD-7562-4323-8F0F-4821ABF9D941},11748,7.82330225,
583,2021-08-10 8:00:00,5689734,309406,16161,1738,3818,1134,17784,34701,43655,40285,25782,12131,8819,166,70323,157647,149643,2116,55760,{38E12EB5-43FD-4297-8031-818D98609DED},12103,7.79581192,
585,2021-08-17 8:00:00,5810844,318152,16283,1748,3834,1117,18615,35806,44851,41222,26374,12414,8970,175,72222,162015,153950,2187,57503,{7304293E-F6BA-464B-8C2A-13A6CB3945EF},16329,7.52320874,
586,2021-08-24 8:00:00,5933534,327166,16585,1762,3859,1327,19482,36960,46101,42197,27055,12710,9117,175,74173,166440,158418,2308,59196,{718C4BCC-21AD-4917-992D-51C857DB32AA},16915,7.27850697,
587,2021-08-31 8:00:00,6070392,335302,16832,1772,3908,949,20318,38171,47173,43073,27701,12974,9243,184,75777,170423,162481,2398,60688,{D025E075-2CF8-47AA-B8DC-B3DA37D5F393},17204,6.62574938,
590,2021-09-07 8:00:00,6194205,341437,17014,1791,3926,738,21035,39127,47962,43718,28124,13206,9366,181,76883,173490,165492,2455,61835,{A0633CA3-CA10-4C45-8F30-FD25C8F3BFA4},16451,5.53379547,
591,2021-09-14 8:00:00,6330999,346934,17355,1815,3983,742,21660,39990,48693,44296,28537,13392,9461,185,77877,176219,168181,2534,62843,{7EF70EE7-3AB4-4BA4-9B65-9542F7E089D5},17728,4.51446047,
592,2021-09-21 8:00:00,6439586,351134,17473,1822,4027,851,22131,40554,49294,44780,28858,13534,9537,188,78645,178302,170287,2545,63613,{8F4C5552-4A20-43FE-8149-3FEC37561232},23238,3.96281701,
594,2021-09-28 8:00:00,6590496,355872,17634,1831,4066,515,22589,41187,49985,45288,29267,13702,9641,189,79474,180636,172654,2582,64550,{FFE7F628-D2AE-4681-BA08-D6F82D6CAB4E},25017,3.3961857,
595,2021-10-05 8:00:00,6766498,359537,17729,1839,4104,387,23018,41651,50493,45681,29558,13852,9701,192,80141,182511,174413,2613,65250,{7D399597-2206-4796-B018-5E662373040F},22455,2.53615652,
596,2021-10-12 8:00:00,6894080,362618,17849,1844,4141,333,23419,42110,50909,46019,29843,13972,9746,192,80582,184009,175987,2622,65826,{071FB01A-88D5-4C76-8F4E-911A41BF845E},15149,2.26362391,
597,2021-10-19 8:00:00,7025970,365670,17965,1857,4178,441,23844,42608,51321,46366,30077,14071,9812,195,80995,185543,177469,2658,66381,{CEBFD1DA-2E0E-4651-935F-273BF28254A0},16255,2.44573596,
598,2021-10-26 8:00:00,7176940,369361,18094,1870,4207,549,24307,43129,51880,46779,30396,14208,9904,191,81533,187399,179282,2680,67034,{1439E549-D9BB-4F8E-B385-6A6FA2EEC65A},19703,2.40260199,
599,2021-11-02 8:00:00,7302888,372709,18174,1878,4241,499,24720,43535,52357,47149,30681,14335,9966,181,82142,189040,180981,2688,67643,{7DC9E0B0-6EE5-4079-B972-797066166405},17853,2.54588001,
600,2021-11-09 8:00:00,7432499,376114,18279,1889,4272,447,25163,44036,52888,47530,30930,14444,10006,166,82700,190777,182627,2710,68251,{8197BB5E-6B1A-4C84-8A4E-D549C51F73C1},15965,2.65692071,
601,2021-11-16 8:00:00,7547530,379251,18403,1897,4301,342,25538,44460,53348,47865,31192,14549,10054,165,83261,192346,184170,2735,68819,{AA2A65FF-2DF5-4BD3-8CF6-859B521AF907},15079,2.67656412,
602,2021-11-23 8:00:00,7671075,382450,18501,1903,4325,403,25934,44874,53812,48225,31444,14660,10108,165,83797,193930,185775,2745,69431,{FD1AF9B1-78BE-451D-A558-E1F3FE76F761},16209,2.64653611,
603,2021-11-30 8:00:00,7762531,385396,18599,1910,4346,622,26245,45257,54259,48579,31670,14774,10173,163,84268,195392,187246,2758,70008,{CF70CD63-C164-4E64-B7E3-6F6437DEB0EB},20172,2.86138204,
604,2021-12-07 8:00:00,7912248,390947,18729,1926,4369,562,26948,46107,55077,49218,32068,14946,10275,165,85134,198228,189925,2794,71009,{72A1F3B2-4F56-4516-83E7-9D47F210D62F},18673,3.47178167,
605,2021-12-14 8:00:00,8056746,395723,18866,1938,4395,646,27511,46797,55704,49773,32403,15107,10349,163,85930,200648,192244,2831,71986,{387858C3-7DDA-49CC-8F50-B6D944A45720},21767,3.44543956,
606,2021-12-21 8:00:00,8195818,403358,18982,1942,4434,1856,28232,47659,56693,50518,32871,15287,10431,171,87886,204565,195905,2888,73610,{E500A748-D3BD-40EB-82A0-D3C623F0883D},25714,4.31145749,
607,2021-12-28 8:00:00,8356092,420089,19058,1949,4461,3653,29419,49596,58976,52175,33757,15635,10587,180,92688,213347,203705,3037,77076,{B99558B7-1B1E-4FE1-9976-DCC2BE0CE344},28472,8.0722642,
608,2022-01-04 8:00:00,8537256,465607,19288,1951,4495,8204,33281,55471,65813,57229,36575,16748,11148,218,103234,237711,224487,3409,85890,{4FAD972C-78DC-4ECB-876A-DA8D455CB75F},24730,18.06306874,
609,2022-01-11 8:00:00,8851351,550639,19565,1970,4529,14734,41411,67476,77961,66017,41574,18783,12219,271,123101,282774,263446,4419,101826,{D7DA9E8E-C299-4822-89C3-C3B12B7D6247},46885,26.38543951,
610,2022-01-18 8:00:00,9123952,613632,19987,1977,4553,9382,49223,77299,86807,73082,45806,20604,13253,464,134299,315785,292681,5166,112795,{495BBE07-963F-489C-8C20-C792C30CC395},41506,26.38674884,
611,2022-01-25 8:00:00,9349486,675250,20503,1994,4622,6108,56927,86665,95525,80033,50140,22434,14252,666,144630,347969,321547,5734,123978,{E4964133-8018-48D0-8EA1-8F862FA78F04},25426,24.68066493,
612,2022-02-01 8:00:00,9599213,702789,20802,2016,4735,2925,60616,90969,99230,83074,52316,23452,14836,712,149006,362349,334355,6085,128578,{66F42119-7CB6-40C1-9AD7-25FD2A1FCA46},16768,18.60582056,
615,2022-02-08 8:00:00,9758966,719068,21215,2039,4854,2394,62894,93356,101390,84737,53568,24078,15245,719,151659,370704,342135,6229,131422,{6A1B4477-A4AF-41EB-BDF4-4061905CD7F8},12085,13.22677542,
616,2022-02-15 8:00:00,9899357,728287,21494,2048,4947,970,64108,94549,102633,85746,54350,24510,15508,724,153069,375454,346563,6270,133090,{D9EB95DE-0520-4F94-A060-73906ABF4C51},9386,9.53375713,
617,2022-02-22 8:00:00,10025320,734656,21636,2063,5002,659,64862,95514,103513,86442,54878,24768,15678,734,154082,378810,349512,6334,134185,{6A4F7192-1F24-42EE-BC2C-1230ED712D8D},9368,6.80072385,
618,2022-03-01 8:00:00,10113531,739176,21778,2071,5045,952,65343,96061,104162,86968,55264,24939,15797,741,154921,381261,351529,6353,134980,{3DB09151-C1BA-43AD-92F4-2BA4D150812F},2820,5.38860926,
619,2022-03-08 8:00:00,10224819,742724,21864,2078,5090,436,65724,96581,104600,87364,55550,25096,15901,737,155601,383103,353201,6420,135570,{D60DC988-51DB-45AD-B97E-611BEBC2D5E6},8130,4.40804215,
620,2022-03-15 8:00:00,10311152,745684,29467,2085,5133,375,66029,97007,105035,87676,55777,25219,15991,741,156140,384664,354536,6484,136069,{BC1602BC-A6A3-4AD3-B171-D596D5EBBFC0},6617,3.6752167,
621,2022-03-22 8:00:00,10402639,748407,29505,2088,5146,304,66343,97331,105394,88008,56004,25381,16138,744,156578,386095,355790,6522,136486,{59529285-DCD0-4E8B-8B0C-24E07E7AF35A},6037,3.38882016,
622,2022-03-29 8:00:00,10470646,750454,29850,2094,5178,619,66504,97534,105643,88223,56146,25470,16190,743,157129,387051,356852,6551,136872,{E15DC050-20E1-4AAF-B26A-832588A5D0D9},2009,2.91672414,
623,2022-04-05 8:00:00,10548019,752078,29939,2107,5205,255,66648,97679,105869,88438,56296,25571,16247,740,157417,387913,357607,6558,137173,{643EB81F-04CC-41C3-931F-B8EF37A193D9},5386,2.65235933,
624,2022-04-12 8:00:00,10624089,753939,29995,2114,5229,242,66821,97867,106136,88668,56484,25679,16311,731,157729,388905,358406,6628,137513,{60BFAC46-3165-4D0A-89FD-8913DE47BED1},5879,2.76258937,
625,2022-04-19 8:00:00,10701581,755863,30002,2121,5233,405,67006,98069,106400,88913,56646,25809,16357,728,158086,389936,359288,6639,137849,{C5BA2742-4A19-4D2D-9729-5A0C154C9AFB},5278,2.54229562,
626,2022-04-26 8:00:00,10781528,758715,30016,2129,5237,409,67270,98420,106796,89235,56888,25953,16440,721,158633,391483,360562,6670,138359,{1A3EFA2B-48CF-4583-8E25-3A9144C6996C},7180,2.95733586,
627,2022-05-04 8:00:00,10862391,763422,30025,2138,5244,837,67653,99096,107432,89735,57285,26160,16560,717,159608,394057,362649,6716,139176,{BA3AF39B-D9BA-4EC4-A9F3-6DC9CDD9B54A},6594,3.91891052,
628,2022-05-11 8:00:00,10942744,768368,30042,2152,5271,907,68071,99682,108155,90265,57707,26414,16693,703,160610,396747,364858,6763,140068,{634CA301-653E-43C4-8F59-7606F531469C},10793,4.8647661,
629,2022-05-18 8:00:00,11030345,775369,30058,2159,5282,1579,68743,100405,109248,91053,58288,26763,16851,697,161982,400608,367938,6823,141339,{7C8BC3A1-2A2C-460C-BC21-7264AD4D34E1},9611,5.84103724,
630,2022-05-25 8:00:00,11130963,784203,30211,2162,5288,1897,69470,101453,110542,92127,59068,27168,17084,692,163676,405563,371730,6910,142923,{9142954E-596F-45DB-8899-888FD18124CB},13982,7.26759785,
631,2022-06-01 8:00:00,11230695,792777,30267,2169,5303,1620,70117,102450,111777,93163,59884,27572,17299,688,165401,410277,375525,6975,144426,{F4F25FD3-BEAC-4DA9-8075-BD0FA0FB5BC2},12226,8.64087846,
632,2022-06-08 8:00:00,11313645,803293,30446,2178,5315,1646,70977,103597,113340,94432,60778,28056,17558,693,167488,415970,380251,7072,146374,{4BED4D25-0CCF-4DED-BBEC-DF5663E75016},10544,9.96266737,
633,2022-06-15 8:00:00,11409385,813035,30655,2183,5318,1773,71826,104487,114797,95689,61595,28518,17818,692,169327,421204,384649,7182,148286,{B1E359A5-A1D2-4B95-BD8A-4BA6B2B45B27},12412,10.7152051,
634,2022-06-22 8:00:00,11491962,822808,30853,2191,5332,1629,72653,105213,116270,97047,62520,28969,18044,690,171224,426540,389021,7247,150178,{A350BD75-4716-47D2-B3BD-8E59BFAF3EC2},9120,11.16270462,
635,2022-06-29 8:00:00,11562592,834049,31110,2203,5341,2048,73539,106055,118004,98527,63645,29538,18355,695,173381,432496,394187,7366,152310,{A93CE7F7-44F7-45F1-8AF9-3375AC97BF73},13106,12.0057695,
636,2022-07-06 8:00:00,11650773,844017,31390,2207,5357,1767,74403,106774,119458,99910,64638,30104,18686,702,175141,437802,398758,7457,154201,{CE025FB7-11BD-4D04-BF1D-E0CE778A2ABE},8995,13.10677472,
637,2022-07-13 8:00:00,11723767,857182,31477,2214,5370,2191,75539,107710,121458,101703,65984,30841,19131,713,177494,444762,404814,7606,156609,{96BDD527-C33C-4EE4-ADE5-ABECFE8C742F},12747,14.5162029,
638,2022-07-20 8:00:00,11802265,870079,31968,2222,5387,2007,76810,108660,123435,103396,67246,31566,19558,724,179736,451408,410885,7786,158948,{C7808487-8599-415A-8DBF-52355B5DFBD6},9564,15.75660761,
639,2022-07-27 8:00:00,11880425,881729,32350,2235,5409,1678,77890,109509,125060,104944,68365,32191,19972,733,181879,457471,416164,8094,161186,{4F82B12A-1A4D-44D1-9D08-883956FE5530},7040,15.70682634,
640,2022-08-03 8:00:00,11961542,891394,32694,2248,5424,1446,78762,110229,126492,106238,69334,32769,20304,740,183535,462612,420497,8285,162991,{806A40F7-64FD-44A2-8626-7782D675F4FA},8942,14.38249088,
641,2022-08-10 8:00:00,12027175,898520,33027,2256,5437,1017,79435,110782,127523,107179,70089,33185,20582,746,184761,466375,423727,8418,164238,{48AB781F-33C7-4B1E-8733-8DE66777395D},6748,12.90289608,
642,2022-08-17 8:00:00,12091676,903885,33441,2261,5448,859,79912,111205,128286,107897,70671,33561,20818,752,185621,469114,426260,8511,165162,{11F11FC6-15EA-4308-AAF3-B5521B834949},8783,10.97637819,
643,2022-08-24 8:00:00,12151236,908654,33777,2275,5456,844,80331,111619,128934,108573,71188,33901,21038,747,186373,471641,428458,8555,165950,{7C5EDF73-0C08-4D5A-A971-C4BE38035763},7920,9.10842247,
644,2022-08-31 8:00:00,12207648,912653,33992,2288,5464,753,80690,111993,129438,109092,71621,34168,21254,744,186984,473769,430269,8615,166669,{2A3F1C22-55EE-4A02-AA1F-BFFDCEF57B85},6528,7.83551202,
645,2022-09-07 8:00:00,12266584,915474,34313,2297,5474,538,80901,112249,129819,109461,71920,34386,21392,745,187453,475234,431587,8653,167148,{FCE92D1B-B70C-4F5A-96AB-C7C1FDC82789},6347,6.85837639,
646,2022-09-14 8:00:00,12320077,918279,34543,2302,5483,473,81076,112528,130216,109813,72243,34601,21553,749,187871,476696,432902,8681,167629,{543730A2-E0D5-4948-94FC-F3B82796B956},7176,5.74673794,
647,2022-09-21 8:00:00,12382578,919938,34742,2307,5487,266,81179,112678,130424,110041,72445,34732,21650,751,188136,477595,433638,8705,167902,{D44C9E2F-1C2B-4664-BAFC-39DC0ECD9484},10411,4.64075728,
648,2022-09-28 8:00:00,12444258,922131,34925,2311,5491,290,81338,112821,130715,110299,72689,34940,21799,751,188535,478850,434534,8747,168244,{92B5FDAE-B20C-4090-AD47-A7E24C37E5BC},6735,4.10932429,
649,2022-10-05 8:00:00,12497579,924478,35062,2312,5498,243,81473,112976,131041,110640,72980,35143,21919,752,188915,480066,435611,8801,168639,{634389C8-750D-4F0F-B020-E133F109CE74},5524,4.15735515,
